-- MySQL dump 10.13  Distrib 5.5.29, for Win64 (x86)
--
-- Host: localhost    Database: rose
-- ------------------------------------------------------
-- Server version	5.5.29

/*!40101 SET @OLD_CHARACTER_SET_CLIENT=@@CHARACTER_SET_CLIENT */;
/*!40101 SET @OLD_CHARACTER_SET_RESULTS=@@CHARACTER_SET_RESULTS */;
/*!40101 SET @OLD_COLLATION_CONNECTION=@@COLLATION_CONNECTION */;
/*!40101 SET NAMES utf8 */;
/*!40103 SET @OLD_TIME_ZONE=@@TIME_ZONE */;
/*!40103 SET TIME_ZONE='+00:00' */;
/*!40014 SET @OLD_UNIQUE_CHECKS=@@UNIQUE_CHECKS, UNIQUE_CHECKS=0 */;
/*!40014 SET @OLD_FOREIGN_KEY_CHECKS=@@FOREIGN_KEY_CHECKS, FOREIGN_KEY_CHECKS=0 */;
/*!40101 SET @OLD_SQL_MODE=@@SQL_MODE, SQL_MODE='NO_AUTO_VALUE_ON_ZERO' */;
/*!40111 SET @OLD_SQL_NOTES=@@SQL_NOTES, SQL_NOTES=0 */;

--
-- Table structure for table `mst_buttonhole`
--

DROP TABLE IF EXISTS `mst_buttonhole`;
/*!40101 SET @saved_cs_client     = @@character_set_client */;
/*!40101 SET character_set_client = utf8 */;
CREATE TABLE `mst_buttonhole` (
  `BH_NO` int(11) NOT NULL AUTO_INCREMENT,
  `BH_MASTER_NAME` varchar(30) DEFAULT NULL,
  `FLAG` varchar(2) NOT NULL,
  `DATE_CREATED` date DEFAULT NULL,
  `DATE_UPDATED` date DEFAULT NULL,
  PRIMARY KEY (`BH_NO`)
) ENGINE=InnoDB AUTO_INCREMENT=2 DEFAULT CHARSET=latin1;
/*!40101 SET character_set_client = @saved_cs_client */;

--
-- Dumping data for table `mst_buttonhole`
--

LOCK TABLES `mst_buttonhole` WRITE;
/*!40000 ALTER TABLE `mst_buttonhole` DISABLE KEYS */;
INSERT INTO `mst_buttonhole` VALUES (1,'IQUBAL','I','2014-01-21',NULL);
/*!40000 ALTER TABLE `mst_buttonhole` ENABLE KEYS */;
UNLOCK TABLES;

--
-- Table structure for table `mst_category`
--

DROP TABLE IF EXISTS `mst_category`;
/*!40101 SET @saved_cs_client     = @@character_set_client */;
/*!40101 SET character_set_client = utf8 */;
CREATE TABLE `mst_category` (
  `CAT_ID` int(11) NOT NULL AUTO_INCREMENT,
  `CAT_NAME` varchar(15) NOT NULL,
  `EXCLUDED` tinyint(1) NOT NULL,
  `FLAG` varchar(2) NOT NULL,
  `DATE_CREATED` date NOT NULL,
  `DATE_UPDATED` date DEFAULT NULL,
  PRIMARY KEY (`CAT_ID`)
) ENGINE=InnoDB AUTO_INCREMENT=9 DEFAULT CHARSET=latin1;
/*!40101 SET character_set_client = @saved_cs_client */;

--
-- Dumping data for table `mst_category`
--

LOCK TABLES `mst_category` WRITE;
/*!40000 ALTER TABLE `mst_category` DISABLE KEYS */;
INSERT INTO `mst_category` VALUES (1,'SHIRT',0,'I','2014-02-01',NULL),(2,'SHORTS',0,'I','2014-02-01',NULL),(3,'PANTS',0,'I','2014-02-01',NULL),(4,'COAT',0,'I','2014-02-01',NULL),(5,'TIE',1,'I','2014-02-01',NULL),(6,'SKIRT',0,'I','2014-02-01',NULL),(7,'PINNAFORE',0,'I','2014-02-01',NULL),(8,'BELT',1,'I','2014-02-01',NULL);
/*!40000 ALTER TABLE `mst_category` ENABLE KEYS */;
UNLOCK TABLES;

--
-- Table structure for table `mst_class`
--

DROP TABLE IF EXISTS `mst_class`;
/*!40101 SET @saved_cs_client     = @@character_set_client */;
/*!40101 SET character_set_client = utf8 */;
CREATE TABLE `mst_class` (
  `CLASS_NO` int(11) NOT NULL AUTO_INCREMENT,
  `CLASS` varchar(15) NOT NULL,
  `FLAG` varchar(2) NOT NULL,
  `DATE_CREATED` date NOT NULL,
  `DATE_UPDATED` date DEFAULT NULL,
  PRIMARY KEY (`CLASS_NO`)
) ENGINE=InnoDB AUTO_INCREMENT=13 DEFAULT CHARSET=latin1;
/*!40101 SET character_set_client = @saved_cs_client */;

--
-- Dumping data for table `mst_class`
--

LOCK TABLES `mst_class` WRITE;
/*!40000 ALTER TABLE `mst_class` DISABLE KEYS */;
INSERT INTO `mst_class` VALUES (1,'1','I','2014-01-21',NULL),(2,'2','I','2014-01-21',NULL),(3,'3','I','2014-01-21',NULL),(4,'4','I','2014-01-21',NULL),(5,'5','I','2014-01-21',NULL),(6,'6','I','2014-01-21',NULL),(7,'7','I','2014-01-21',NULL),(8,'8','I','2014-01-21',NULL),(9,'9','I','2014-01-21',NULL),(10,'10','I','2014-01-21',NULL),(11,'11','I','2014-01-21',NULL),(12,'12','I','2014-01-21',NULL);
/*!40000 ALTER TABLE `mst_class` ENABLE KEYS */;
UNLOCK TABLES;

--
-- Table structure for table `mst_expense`
--

DROP TABLE IF EXISTS `mst_expense`;
/*!40101 SET @saved_cs_client     = @@character_set_client */;
/*!40101 SET character_set_client = utf8 */;
CREATE TABLE `mst_expense` (
  `SL_NO` int(11) NOT NULL AUTO_INCREMENT,
  `EXPENSE` varchar(30) NOT NULL,
  `AMOUNT` decimal(8,2) NOT NULL,
  `EXPENSE_DATE` date NOT NULL,
  `FLAG` varchar(2) NOT NULL,
  `DATE_CREATED` date NOT NULL,
  `DATE_UPDATED` date DEFAULT NULL,
  PRIMARY KEY (`SL_NO`)
) ENGINE=InnoDB AUTO_INCREMENT=5 DEFAULT CHARSET=latin1;
/*!40101 SET character_set_client = @saved_cs_client */;

--
-- Dumping data for table `mst_expense`
--

LOCK TABLES `mst_expense` WRITE;
/*!40000 ALTER TABLE `mst_expense` DISABLE KEYS */;
INSERT INTO `mst_expense` VALUES (1,'e1',1000.00,'2014-02-01','I','2014-02-07',NULL),(2,'e2',100000.00,'2014-02-07','I','2014-02-07',NULL),(3,'e2',100000.00,'2014-02-07','I','2014-02-07',NULL),(4,'expense 3',500.00,'2014-02-04','D','2014-02-07','2014-02-07');
/*!40000 ALTER TABLE `mst_expense` ENABLE KEYS */;
UNLOCK TABLES;

--
-- Table structure for table `mst_fixed_mat_exp`
--

DROP TABLE IF EXISTS `mst_fixed_mat_exp`;
/*!40101 SET @saved_cs_client     = @@character_set_client */;
/*!40101 SET character_set_client = utf8 */;
CREATE TABLE `mst_fixed_mat_exp` (
  `SL_NO` int(11) NOT NULL AUTO_INCREMENT,
  `SCHOOL_NO` int(11) NOT NULL,
  `CLASS_NO` int(11) NOT NULL,
  `ITEM_NO` int(11) NOT NULL,
  `MATERIAL_NO` int(11) NOT NULL,
  `FIXED_MAT_LENGTH` decimal(5,2) NOT NULL,
  `FLAG` varchar(2) NOT NULL,
  `DATE_CREATED` date NOT NULL,
  `DATE_UPDATED` date DEFAULT NULL,
  PRIMARY KEY (`SL_NO`),
  KEY `MST_FIXED_MAT_EXP_FK1` (`SCHOOL_NO`),
  KEY `MST_FIXED_MAT_EXP_FK2` (`MATERIAL_NO`),
  KEY `MST_FIXED_MAT_EXP_FK3` (`ITEM_NO`),
  CONSTRAINT `MST_FIXED_MAT_EXP_FK1` FOREIGN KEY (`SCHOOL_NO`) REFERENCES `mst_school` (`SCHOOL_NO`),
  CONSTRAINT `MST_FIXED_MAT_EXP_FK2` FOREIGN KEY (`MATERIAL_NO`) REFERENCES `mst_material` (`MATERIAL_NO`),
  CONSTRAINT `MST_FIXED_MAT_EXP_FK3` FOREIGN KEY (`ITEM_NO`) REFERENCES `mst_item` (`ITEM_NO`)
) ENGINE=InnoDB DEFAULT CHARSET=latin1;
/*!40101 SET character_set_client = @saved_cs_client */;

--
-- Dumping data for table `mst_fixed_mat_exp`
--

LOCK TABLES `mst_fixed_mat_exp` WRITE;
/*!40000 ALTER TABLE `mst_fixed_mat_exp` DISABLE KEYS */;
/*!40000 ALTER TABLE `mst_fixed_mat_exp` ENABLE KEYS */;
UNLOCK TABLES;

--
-- Table structure for table `mst_group`
--

DROP TABLE IF EXISTS `mst_group`;
/*!40101 SET @saved_cs_client     = @@character_set_client */;
/*!40101 SET character_set_client = utf8 */;
CREATE TABLE `mst_group` (
  `GROUP_NO` int(11) NOT NULL AUTO_INCREMENT,
  `CUTTING_MASTER` varchar(30) DEFAULT NULL,
  `FLAG` varchar(2) NOT NULL,
  `DATE_CREATED` date DEFAULT NULL,
  `DATE_UPDATED` date DEFAULT NULL,
  PRIMARY KEY (`GROUP_NO`)
) ENGINE=InnoDB AUTO_INCREMENT=2 DEFAULT CHARSET=latin1;
/*!40101 SET character_set_client = @saved_cs_client */;

--
-- Dumping data for table `mst_group`
--

LOCK TABLES `mst_group` WRITE;
/*!40000 ALTER TABLE `mst_group` DISABLE KEYS */;
INSERT INTO `mst_group` VALUES (1,'murughan','I','2014-01-22',NULL);
/*!40000 ALTER TABLE `mst_group` ENABLE KEYS */;
UNLOCK TABLES;

--
-- Table structure for table `mst_ironing`
--

DROP TABLE IF EXISTS `mst_ironing`;
/*!40101 SET @saved_cs_client     = @@character_set_client */;
/*!40101 SET character_set_client = utf8 */;
CREATE TABLE `mst_ironing` (
  `IRON_NO` int(11) NOT NULL AUTO_INCREMENT,
  `IRON_NAME` varchar(30) DEFAULT NULL,
  `FLAG` varchar(2) NOT NULL,
  `DATE_CREATED` date DEFAULT NULL,
  `DATE_UPDATED` date DEFAULT NULL,
  PRIMARY KEY (`IRON_NO`)
) ENGINE=InnoDB AUTO_INCREMENT=2 DEFAULT CHARSET=latin1;
/*!40101 SET character_set_client = @saved_cs_client */;

--
-- Dumping data for table `mst_ironing`
--

LOCK TABLES `mst_ironing` WRITE;
/*!40000 ALTER TABLE `mst_ironing` DISABLE KEYS */;
INSERT INTO `mst_ironing` VALUES (1,'MOHAN','I','2014-01-21',NULL);
/*!40000 ALTER TABLE `mst_ironing` ENABLE KEYS */;
UNLOCK TABLES;

--
-- Table structure for table `mst_item`
--

DROP TABLE IF EXISTS `mst_item`;
/*!40101 SET @saved_cs_client     = @@character_set_client */;
/*!40101 SET character_set_client = utf8 */;
CREATE TABLE `mst_item` (
  `ITEM_NO` int(11) NOT NULL AUTO_INCREMENT,
  `ITEM_NAME` varchar(30) NOT NULL,
  `FLAG` varchar(2) NOT NULL,
  `DATE_CREATED` date NOT NULL,
  `DATE_UPDATED` date DEFAULT NULL,
  `CAT_ID` int(11) NOT NULL,
  `GENDER` varchar(6) NOT NULL,
  `BUTTONHOLE` tinyint(1) NOT NULL,
  PRIMARY KEY (`ITEM_NO`),
  KEY `MST_ITEM_FK1` (`CAT_ID`),
  CONSTRAINT `MST_ITEM_FK1` FOREIGN KEY (`CAT_ID`) REFERENCES `mst_category` (`CAT_ID`)
) ENGINE=InnoDB AUTO_INCREMENT=57 DEFAULT CHARSET=latin1;
/*!40101 SET character_set_client = @saved_cs_client */;

--
-- Dumping data for table `mst_item`
--

LOCK TABLES `mst_item` WRITE;
/*!40000 ALTER TABLE `mst_item` DISABLE KEYS */;
INSERT INTO `mst_item` VALUES (1,'R SHIRT','I','2014-01-21',NULL,1,'Common',0),(2,'P T SHIRT','I','2014-01-21',NULL,1,'Common',0),(3,'R SHORTS','I','2014-01-21',NULL,2,'Male',0),(4,'R PANTS','U','2014-01-21','2014-02-07',3,'Common',1),(5,'P T SHORTS','D','2014-01-21','2014-02-02',2,'Male',0),(6,'P T PANTS','U','2014-01-21','2014-02-07',3,'Common',1),(7,'P T TIE','D','2014-01-21',NULL,5,'Common',0),(8,'R TIE','D','2014-01-21',NULL,5,'Common',0),(9,'GIRLS  R SHIRT','D','2014-01-21',NULL,1,'Female',0),(10,'GIRLS P T SHIRT','D','2014-01-21',NULL,1,'Female',0),(11,'R PINNAFORE','D','2014-01-21',NULL,7,'Female',0),(12,'ETC PANT','I','2014-01-21',NULL,3,'Common',0),(13,'ETC SHORTS','I','2014-01-21',NULL,2,'Male',0),(14,'R TIE','I','2014-01-21',NULL,5,'Common',0),(15,'P T  TIE','I','2014-01-21',NULL,5,'Common',0),(16,'R PINNAFORE','I','2014-01-21',NULL,7,'Female',0),(17,'P T PINNAFORE','I','2014-01-21',NULL,7,'Female',0),(18,'GIRLS  R SHIRT','I','2014-01-21',NULL,1,'Female',0),(19,'GIRLS  P T SHIRT','I','2014-01-21',NULL,1,'Female',0),(20,'SKIRT','D','2014-01-21',NULL,6,'Female',0),(21,'ST: JPH GIRLS  R SHIRT','D','2014-01-22',NULL,1,'Female',0),(22,'ST: JPH CBSE COAT','U','2014-01-22','2014-02-07',4,'Common',1),(23,'ST: JPH CBSE R SHIRT','I','2014-01-22',NULL,1,'Common',0),(24,'R SKIRT','U','2014-01-22','2014-02-07',4,'Female',1),(25,'P T SKIRT','U','2014-01-22','2014-02-07',4,'Female',1),(26,'ST;JPH CBSE LP   SHIRT','U','2014-01-22','2014-02-07',1,'Common',1),(27,'ST:JPH CBSE UP SHIRT','U','2014-01-22','2014-02-07',1,'Common',1),(28,'ST:JPH CBSE  H  S   R  SHIRT','U','2014-01-22','2014-02-07',1,'Common',1),(29,'GREEN TIE SMALL','D','2014-01-29',NULL,5,'Common',0),(30,'ETC SKIRT','I','2014-01-31',NULL,6,'Female',0),(31,'ST:JPH  ST  R SHIRT','D','2014-02-02','2014-02-02',1,'Common',0),(32,'ST:JPH  ST  R SH0RTS','D','2014-02-02','2014-02-02',2,'Male',0),(33,'st jph st  R SHIRT','D','2014-02-02','2014-02-02',1,'Common',0),(34,'St jph   EMHS  R   L P  SHIRT','D','2014-02-02','2014-02-02',1,'Common',0),(35,'EMHS   UP  R   SHIRT','U','2014-02-02','2014-02-09',1,'Common',1),(36,'EMHS  HS  R    SHIRT','U','2014-02-02','2014-02-09',1,'Common',1),(37,'EMHS  R SHORTS','U','2014-02-02','2014-02-09',2,'Male',0),(38,'EMHS  R  PANTS','U','2014-02-02','2014-02-09',3,'Common',0),(39,'EMHS    R     PINNAFORE','U','2014-02-02','2014-02-09',7,'Female',0),(40,'EMHS    R   SKIRT','U','2014-02-02','2014-02-09',6,'Female',0),(41,'EMHS    R  COAT','U','2014-02-02','2014-02-09',4,'Female',1),(42,'EMH   LP P T  SHIRT','U','2014-02-02','2014-02-11',1,'Common',1),(43,'EMHS  UP P T SHIRT','U','2014-02-02','2014-02-11',1,'Common',1),(44,'EMHS   HS P T SHIRT','U','2014-02-02','2014-02-09',1,'Common',1),(45,' EMHS  PT   SHORTS','U','2014-02-02','2014-02-03',2,'Male',0),(46,'EMHS    PT   PANTS','U','2014-02-02','2014-02-09',3,'Male',1),(47,'EMHS     PT    PINAFORE','U','2014-02-02','2014-02-09',7,'Female',0),(48,'EMHS    PT    SKIRT','U','2014-02-02','2014-02-09',6,'Female',0),(49,'EMHS   H S   R  SHIRT','U','2014-02-02','2014-02-03',1,'Common',0),(50,'EMHS   LP  R SHIRT','U','2014-02-02','2014-02-09',1,'Common',1),(51,'st jph EMHS LP R SHIRT','D','2014-02-03','2014-02-03',1,'Common',0),(53,'REGULAR SHIRT','U','2014-02-04','2014-02-04',1,'Common',0),(54,'PT SHIRT','I','2014-02-04',NULL,1,'Common',0),(55,'REGULAR PANT','I','2014-02-04',NULL,3,'Common',0),(56,'test1','D','2014-02-09','2014-02-09',1,'Common',0);
/*!40000 ALTER TABLE `mst_item` ENABLE KEYS */;
UNLOCK TABLES;

--
-- Table structure for table `mst_item_detail`
--

DROP TABLE IF EXISTS `mst_item_detail`;
/*!40101 SET @saved_cs_client     = @@character_set_client */;
/*!40101 SET character_set_client = utf8 */;
CREATE TABLE `mst_item_detail` (
  `SL_NO` int(11) NOT NULL AUTO_INCREMENT,
  `ITEM_NO` int(11) NOT NULL,
  `YEAR` int(11) NOT NULL,
  `CUTTING_CHARGE` decimal(5,2) DEFAULT NULL,
  `STITCHING_CHARGE` decimal(5,2) DEFAULT NULL,
  `BUTTON_CHARGE` decimal(5,2) DEFAULT NULL,
  `IRONING_CHARGE` decimal(5,2) DEFAULT NULL,
  `PACKING_CHARGE` decimal(5,2) DEFAULT NULL,
  `MATERIAL_EXTRA` decimal(5,2) DEFAULT NULL,
  `FLAG` varchar(2) NOT NULL,
  `DATE_CREATED` date NOT NULL,
  `DATE_UPDATED` date DEFAULT NULL,
  PRIMARY KEY (`SL_NO`),
  KEY `MST_ITEM_DETAIL_PRICE_FK1` (`ITEM_NO`),
  CONSTRAINT `MST_ITEM_DETAIL_PRICE_FK1` FOREIGN KEY (`ITEM_NO`) REFERENCES `mst_item` (`ITEM_NO`)
) ENGINE=InnoDB AUTO_INCREMENT=45 DEFAULT CHARSET=latin1;
/*!40101 SET character_set_client = @saved_cs_client */;

--
-- Dumping data for table `mst_item_detail`
--

LOCK TABLES `mst_item_detail` WRITE;
/*!40000 ALTER TABLE `mst_item_detail` DISABLE KEYS */;
INSERT INTO `mst_item_detail` VALUES (1,1,2014,11.00,25.00,4.00,5.00,1.00,0.00,'I','2014-01-21',NULL),(2,2,2014,11.00,25.00,4.00,5.00,1.00,0.00,'I','2014-01-21',NULL),(3,4,2014,11.00,55.00,0.00,5.00,1.00,0.00,'U','2014-01-21','2014-02-07'),(4,3,2014,11.00,38.00,0.00,0.00,1.00,0.00,'I','2014-01-21',NULL),(5,5,2014,11.00,38.00,0.00,0.00,1.00,0.00,'I','2014-01-21',NULL),(6,6,2014,11.00,55.00,0.00,5.00,1.00,0.00,'U','2014-01-21','2014-02-07'),(7,12,2014,11.00,55.00,0.00,5.00,1.00,0.00,'I','2014-01-21',NULL),(8,14,2014,0.00,0.00,0.00,0.00,0.00,35.00,'I','2014-01-21',NULL),(9,15,2014,0.00,0.00,0.00,0.00,0.00,35.00,'I','2014-01-21',NULL),(10,16,2014,11.00,29.00,0.00,5.00,1.00,0.00,'I','2014-01-21',NULL),(11,17,2014,11.00,29.00,0.00,5.00,1.00,0.00,'I','2014-01-21',NULL),(12,18,2014,11.00,29.00,4.00,5.00,1.00,0.00,'I','2014-01-21',NULL),(13,19,2014,11.00,29.00,4.00,5.00,1.00,0.00,'I','2014-01-21',NULL),(14,20,2014,11.00,22.00,0.00,5.00,1.00,0.00,'I','2014-01-21',NULL),(15,13,2014,11.00,38.00,0.00,0.00,1.00,0.00,'I','2014-01-21',NULL),(16,22,2014,11.00,25.00,4.00,5.00,1.00,0.00,'U','2014-01-22','2014-02-07'),(17,23,2014,11.00,25.00,4.00,5.00,1.00,0.00,'I','2014-01-22',NULL),(18,24,2014,11.00,22.00,0.00,5.00,1.00,0.00,'U','2014-01-22','2014-02-07'),(19,25,2014,11.00,22.00,0.00,5.00,1.00,0.00,'U','2014-01-22','2014-02-07'),(20,26,2014,11.00,22.00,4.00,5.00,1.00,0.00,'U','2014-01-22','2014-02-07'),(21,27,2014,11.00,22.00,4.00,5.00,1.00,0.00,'U','2014-01-27','2014-02-07'),(22,28,2014,11.00,22.00,4.00,5.00,1.00,0.00,'U','2014-01-27','2014-02-07'),(23,30,2014,11.00,22.00,0.00,5.00,1.00,2.00,'I','2014-01-31',NULL),(24,35,2014,11.00,25.00,4.00,5.00,3.00,0.00,'U','2014-02-02','2014-02-09'),(25,36,2014,11.00,25.00,4.00,5.00,3.00,0.00,'U','2014-02-02','2014-02-09'),(26,37,2014,11.00,38.00,4.00,5.00,3.00,0.00,'U','2014-02-02','2014-02-09'),(27,38,2014,11.00,55.00,0.00,6.00,3.00,0.00,'U','2014-02-02','2014-02-09'),(28,39,2014,11.00,29.00,4.00,6.00,3.00,0.00,'U','2014-02-02','2014-02-09'),(29,40,2014,11.00,25.00,0.00,6.00,3.00,0.00,'U','2014-02-02','2014-02-09'),(30,41,2014,11.00,29.00,10.00,6.00,3.00,0.00,'U','2014-02-02','2014-02-09'),(31,42,2014,11.00,25.00,4.00,6.00,3.00,10.00,'U','2014-02-02','2014-02-11'),(32,49,2014,11.00,25.00,4.00,6.00,3.00,0.00,'I','2014-02-02',NULL),(33,50,2014,11.00,25.00,4.00,5.00,0.00,0.00,'U','2014-02-02','2014-02-09'),(34,43,2014,11.00,25.00,4.00,5.00,3.00,10.00,'U','2014-02-02','2014-02-11'),(35,44,2014,11.00,25.00,4.00,5.00,3.00,0.00,'U','2014-02-02','2014-02-09'),(36,46,2014,11.00,55.00,0.00,5.00,3.00,0.00,'U','2014-02-02','2014-02-09'),(37,47,2014,11.00,29.00,4.00,5.00,4.00,0.00,'U','2014-02-02','2014-02-09'),(38,48,2014,11.00,22.00,0.00,5.00,3.00,0.00,'U','2014-02-02','2014-02-09'),(39,45,2014,11.00,38.00,4.00,5.00,4.00,0.00,'I','2014-02-03',NULL),(41,53,2014,12.00,11.00,11.00,11.00,2.00,0.00,'U','2014-02-04','2014-02-04'),(42,54,2014,11.00,11.00,11.00,11.00,1.00,0.00,'I','2014-02-04',NULL),(43,55,2014,11.00,11.00,11.00,11.00,1.00,0.00,'I','2014-02-04',NULL),(44,56,2014,5.00,5.06,5.07,5.08,5.09,4.00,'D','2014-02-09','2014-02-09');
/*!40000 ALTER TABLE `mst_item_detail` ENABLE KEYS */;
UNLOCK TABLES;

--
-- Table structure for table `mst_login`
--

DROP TABLE IF EXISTS `mst_login`;
/*!40101 SET @saved_cs_client     = @@character_set_client */;
/*!40101 SET character_set_client = utf8 */;
CREATE TABLE `mst_login` (
  `PASSWORD` varchar(15) NOT NULL,
  `ACCESS` varchar(4) NOT NULL
) ENGINE=InnoDB DEFAULT CHARSET=latin1;
/*!40101 SET character_set_client = @saved_cs_client */;

--
-- Dumping data for table `mst_login`
--

LOCK TABLES `mst_login` WRITE;
/*!40000 ALTER TABLE `mst_login` DISABLE KEYS */;
INSERT INTO `mst_login` VALUES ('qwe','Tran'),('1234','Main');
/*!40000 ALTER TABLE `mst_login` ENABLE KEYS */;
UNLOCK TABLES;

--
-- Table structure for table `mst_material`
--

DROP TABLE IF EXISTS `mst_material`;
/*!40101 SET @saved_cs_client     = @@character_set_client */;
/*!40101 SET character_set_client = utf8 */;
CREATE TABLE `mst_material` (
  `MATERIAL_NO` int(11) NOT NULL AUTO_INCREMENT,
  `MATERIAL_NAME` varchar(30) NOT NULL,
  `MATERIAL_TYPE` varchar(8) NOT NULL,
  `WIDTH` int(3) NOT NULL,
  `COST_PRICE` int(5) NOT NULL,
  `PURCHASED_ON` date NOT NULL,
  `LENGTH` decimal(6,2) NOT NULL,
  `FLAG` varchar(2) NOT NULL,
  `DATE_CREATED` date DEFAULT NULL,
  `DATE_UPDATED` date DEFAULT NULL,
  PRIMARY KEY (`MATERIAL_NO`)
) ENGINE=InnoDB AUTO_INCREMENT=12 DEFAULT CHARSET=latin1;
/*!40101 SET character_set_client = @saved_cs_client */;

--
-- Dumping data for table `mst_material`
--

LOCK TABLES `mst_material` WRITE;
/*!40000 ALTER TABLE `mst_material` DISABLE KEYS */;
INSERT INTO `mst_material` VALUES (1,'S KUMAR  BR','Suiting',58,110,'2014-01-21',1000.00,'I','2014-01-21',NULL),(2,'S KUMAR GR','Suiting',58,110,'2014-01-21',800.00,'I','2014-01-21',NULL),(3,'S KUMAR  WH','Suiting',58,110,'2014-01-21',850.00,'I','2014-01-21',NULL),(4,'OFF WHITE','Shirting',36,65,'2014-01-21',500.00,'I','2014-01-21',NULL),(5,'STRIPE','Shirting',36,55,'2014-01-21',600.00,'I','2014-01-21',NULL),(6,'GREEN CHK','Shirting',36,105,'2014-01-21',600.00,'I','2014-01-21',NULL),(7,'ST : JPH  CBSE CHK SHIRTING','Shirting',36,55,'2014-01-22',600.00,'I','2014-01-22',NULL),(8,'PEARL NAVY BLUE','Suiting',58,110,'2014-01-22',600.00,'I','2014-01-22',NULL),(9,'BLUE STRIPE','Shirting',36,0,'2014-02-02',0.00,'I','2014-02-02',NULL),(10,'MILKY WHITE','Shirting',36,0,'2014-02-02',0.00,'I','2014-02-02',NULL),(11,'LIGHT BLUE','Shirting',44,0,'2014-02-02',0.00,'I','2014-02-02',NULL);
/*!40000 ALTER TABLE `mst_material` ENABLE KEYS */;
UNLOCK TABLES;

--
-- Table structure for table `mst_school`
--

DROP TABLE IF EXISTS `mst_school`;
/*!40101 SET @saved_cs_client     = @@character_set_client */;
/*!40101 SET character_set_client = utf8 */;
CREATE TABLE `mst_school` (
  `SCHOOL_NO` int(11) NOT NULL AUTO_INCREMENT,
  `SCHOOL_NAME` varchar(40) NOT NULL,
  `SCHOOL_YEAR` int(11) NOT NULL,
  `FLAG` varchar(2) NOT NULL,
  `DATE_CREATED` date DEFAULT NULL,
  `DATE_UPDATED` date DEFAULT NULL,
  `SCHOOL_ADDRESS` varchar(50) NOT NULL,
  `SCHOOL_PHONENO` varchar(12) NOT NULL,
  PRIMARY KEY (`SCHOOL_NO`)
) ENGINE=InnoDB AUTO_INCREMENT=9 DEFAULT CHARSET=latin1;
/*!40101 SET character_set_client = @saved_cs_client */;

--
-- Dumping data for table `mst_school`
--

LOCK TABLES `mst_school` WRITE;
/*!40000 ALTER TABLE `mst_school` DISABLE KEYS */;
INSERT INTO `mst_school` VALUES (1,'KOO',2014,'I','2014-01-21',NULL,'BAPUJI\'S HIGH SCHOOL','0484659866'),(2,'ST JOSEPH\'S CBSE',2014,'I','2014-01-22',NULL,'ST JOSEPH\'S CBSE','04842365986'),(3,'ST JOESPHS EMHS KMSR',2014,'I','2014-02-03',NULL,'ST. JOSPEPH EMHS','04842364587'),(4,'RAJAGIRI',2014,'D','2014-02-04',NULL,'RAJAGIRI SCHOOL, KALAMASERRY','0484239758'),(5,'RAJAGIRI',2014,'D','2014-02-04',NULL,'RAJAGIRI SCHOOL, KALAMASERRY','0484239659'),(6,'CHINMAYA',2014,'D','2014-02-04',NULL,'CHINMAYA VISYALAYA, VADUTHALA','2484659865'),(7,'CHINMAYA',2014,'D','2014-02-04',NULL,'CHINMAYA','986598565'),(8,'RAJAGIRI SCHOOL',2014,'I','2014-02-04',NULL,'RAJAGIRI, NORTH KALAMASERRY','04842537475');
/*!40000 ALTER TABLE `mst_school` ENABLE KEYS */;
UNLOCK TABLES;

--
-- Table structure for table `mst_school_item_price`
--

DROP TABLE IF EXISTS `mst_school_item_price`;
/*!40101 SET @saved_cs_client     = @@character_set_client */;
/*!40101 SET character_set_client = utf8 */;
CREATE TABLE `mst_school_item_price` (
  `SL_NO` int(11) NOT NULL AUTO_INCREMENT,
  `SCHOOL_NO` int(11) NOT NULL,
  `ITEM_NO` int(11) NOT NULL,
  `SELLING_PRICE` int(5) NOT NULL,
  `FLAG` varchar(2) NOT NULL,
  `DATE_CREATED` date DEFAULT NULL,
  `DATE_UPDATED` date DEFAULT NULL,
  `CLASS_FROM` int(11) NOT NULL,
  `CLASS_TO` int(11) NOT NULL,
  `SET_NO` int(11) NOT NULL,
  PRIMARY KEY (`SL_NO`),
  KEY `MST_SCHOOL_ITEM_PRICE_FK1` (`SCHOOL_NO`),
  KEY `MST_SCHOOL_ITEM_PRICE_FK2` (`ITEM_NO`),
  KEY `MST_SCHOOL_ITEM_PRICE_FK3` (`SET_NO`),
  CONSTRAINT `MST_SCHOOL_ITEM_PRICE_FK1` FOREIGN KEY (`SCHOOL_NO`) REFERENCES `mst_school` (`SCHOOL_NO`),
  CONSTRAINT `MST_SCHOOL_ITEM_PRICE_FK2` FOREIGN KEY (`ITEM_NO`) REFERENCES `mst_item` (`ITEM_NO`),
  CONSTRAINT `MST_SCHOOL_ITEM_PRICE_FK3` FOREIGN KEY (`SET_NO`) REFERENCES `mst_set` (`SET_NO`)
) ENGINE=InnoDB AUTO_INCREMENT=48 DEFAULT CHARSET=latin1;
/*!40101 SET character_set_client = @saved_cs_client */;

--
-- Dumping data for table `mst_school_item_price`
--

LOCK TABLES `mst_school_item_price` WRITE;
/*!40000 ALTER TABLE `mst_school_item_price` DISABLE KEYS */;
INSERT INTO `mst_school_item_price` VALUES (1,1,1,120,'I','2014-01-21',NULL,1,1,0),(2,1,2,120,'I','2014-01-21',NULL,1,1,0),(3,1,4,120,'I','2014-01-21',NULL,1,1,0),(4,1,3,120,'I','2014-01-21',NULL,1,1,0),(5,1,5,120,'I','2014-01-21',NULL,1,1,0),(6,1,6,120,'I','2014-01-21',NULL,1,1,0),(7,1,12,120,'I','2014-01-21',NULL,1,1,0),(8,1,16,120,'I','2014-01-21',NULL,1,1,0),(9,1,17,120,'I','2014-01-21',NULL,1,1,0),(10,1,18,120,'I','2014-01-21',NULL,1,1,0),(11,1,19,120,'I','2014-01-21',NULL,1,1,0),(12,1,20,120,'I','2014-01-21',NULL,1,1,0),(13,1,14,120,'I','2014-01-21',NULL,1,1,0),(14,1,15,35,'I','2014-01-21',NULL,1,1,0),(15,1,13,120,'I','2014-01-21',NULL,1,1,0),(16,2,26,110,'U','2014-01-22','2014-02-07',1,1,0),(17,2,3,130,'I','2014-01-22',NULL,1,1,0),(18,2,5,130,'I','2014-01-22',NULL,1,1,0),(19,2,16,135,'I','2014-01-22',NULL,1,1,0),(20,2,4,250,'U','2014-01-22','2014-02-07',1,1,0),(21,2,6,250,'U','2014-01-22','2014-02-07',1,1,0),(22,2,17,135,'I','2014-01-22',NULL,1,1,0),(23,2,25,110,'U','2014-01-22','2014-02-07',1,1,0),(24,2,24,110,'U','2014-01-22','2014-02-07',1,1,0),(25,2,27,120,'U','2014-01-27','2014-02-07',1,1,0),(26,2,28,130,'U','2014-01-27','2014-02-07',1,1,0),(27,2,22,175,'U','2014-01-27','2014-02-07',1,1,0),(28,1,30,135,'I','2014-01-31',NULL,1,1,0),(29,3,50,110,'U','2014-02-03','2014-02-09',1,4,4),(30,3,35,120,'U','2014-02-03','2014-02-09',5,7,4),(31,3,36,120,'U','2014-02-03','2014-02-09',8,10,4),(32,3,37,120,'U','2014-02-03','2014-02-09',1,7,4),(33,3,38,120,'U','2014-02-03','2014-02-09',8,12,4),(34,3,39,120,'U','2014-02-03','2014-02-09',1,7,4),(35,3,40,120,'U','2014-02-03','2014-02-09',8,12,4),(36,3,41,120,'U','2014-02-03','2014-02-09',1,12,4),(37,3,42,120,'U','2014-02-03','2014-02-11',1,4,3),(38,3,43,120,'U','2014-02-03','2014-02-11',5,7,3),(39,3,44,120,'U','2014-02-03','2014-02-09',8,10,3),(40,3,48,120,'U','2014-02-03','2014-02-09',1,7,3),(41,3,46,120,'U','2014-02-03','2014-02-09',8,12,3),(42,3,47,120,'U','2014-02-03','2014-02-09',8,12,3),(44,8,53,80,'U','2014-02-04','2014-02-04',1,1,0),(45,8,54,70,'I','2014-02-04',NULL,1,1,0),(46,8,55,60,'I','2014-02-04',NULL,1,1,0),(47,3,56,32,'D','2014-02-09','2014-02-09',1,1,3);
/*!40000 ALTER TABLE `mst_school_item_price` ENABLE KEYS */;
UNLOCK TABLES;

--
-- Table structure for table `mst_school_mat_price`
--

DROP TABLE IF EXISTS `mst_school_mat_price`;
/*!40101 SET @saved_cs_client     = @@character_set_client */;
/*!40101 SET character_set_client = utf8 */;
CREATE TABLE `mst_school_mat_price` (
  `SL_NO` int(11) NOT NULL AUTO_INCREMENT,
  `SCHOOL_NO` int(11) NOT NULL,
  `ITEM_NO` int(11) NOT NULL,
  `MATERIAL_NO` int(11) NOT NULL,
  `SELLING_PRICE` int(5) NOT NULL,
  `FLAG` varchar(2) NOT NULL,
  `DATE_CREATED` date NOT NULL,
  `DATE_UPDATED` date DEFAULT NULL,
  PRIMARY KEY (`SL_NO`),
  KEY `MST_SCHOOL_MAT_PRICE_FK1` (`SCHOOL_NO`),
  KEY `MST_SCHOOL_MAT_PRICE_FK2` (`MATERIAL_NO`),
  KEY `MST_SCHOOL_MAT_PRICE_FK3` (`ITEM_NO`),
  CONSTRAINT `MST_SCHOOL_MAT_PRICE_FK1` FOREIGN KEY (`SCHOOL_NO`) REFERENCES `mst_school` (`SCHOOL_NO`),
  CONSTRAINT `MST_SCHOOL_MAT_PRICE_FK2` FOREIGN KEY (`MATERIAL_NO`) REFERENCES `mst_material` (`MATERIAL_NO`),
  CONSTRAINT `MST_SCHOOL_MAT_PRICE_FK3` FOREIGN KEY (`ITEM_NO`) REFERENCES `mst_item` (`ITEM_NO`)
) ENGINE=InnoDB AUTO_INCREMENT=50 DEFAULT CHARSET=latin1;
/*!40101 SET character_set_client = @saved_cs_client */;

--
-- Dumping data for table `mst_school_mat_price`
--

LOCK TABLES `mst_school_mat_price` WRITE;
/*!40000 ALTER TABLE `mst_school_mat_price` DISABLE KEYS */;
INSERT INTO `mst_school_mat_price` VALUES (1,1,1,4,65,'I','2014-01-21',NULL),(2,1,2,5,75,'I','2014-01-21',NULL),(3,1,4,2,175,'I','2014-01-21',NULL),(4,1,3,2,175,'I','2014-01-21',NULL),(5,1,5,1,175,'I','2014-01-21',NULL),(6,1,6,1,175,'I','2014-01-21',NULL),(7,1,12,3,175,'I','2014-01-21',NULL),(8,1,16,6,105,'I','2014-01-21',NULL),(9,1,17,1,175,'I','2014-01-21',NULL),(10,1,18,4,65,'I','2014-01-21',NULL),(11,1,19,5,75,'I','2014-01-21',NULL),(12,1,20,3,175,'I','2014-01-21',NULL),(13,1,13,3,120,'I','2014-01-21',NULL),(14,2,1,7,65,'I','2014-01-22',NULL),(15,2,4,8,140,'I','2014-01-22',NULL),(16,2,3,8,140,'I','2014-01-22',NULL),(17,2,5,3,140,'I','2014-01-22',NULL),(18,2,6,3,140,'I','2014-01-22',NULL),(19,2,11,8,140,'I','2014-01-22',NULL),(20,2,17,3,140,'I','2014-01-22',NULL),(21,2,16,8,140,'I','2014-01-22',NULL),(22,2,23,7,65,'I','2014-01-22',NULL),(23,2,22,8,140,'I','2014-01-22',NULL),(24,2,24,8,140,'I','2014-01-22',NULL),(25,2,25,3,140,'I','2014-01-22',NULL),(26,2,27,7,65,'I','2014-01-27',NULL),(27,2,28,7,65,'I','2014-01-27',NULL),(28,2,26,7,65,'I','2014-01-28',NULL),(29,1,30,3,175,'I','2014-01-31',NULL),(30,3,50,9,0,'I','2014-02-03',NULL),(31,3,35,8,0,'I','2014-02-03',NULL),(32,3,36,9,0,'I','2014-02-03',NULL),(33,3,37,8,0,'I','2014-02-03',NULL),(34,3,38,8,0,'I','2014-02-03',NULL),(35,3,39,8,0,'I','2014-02-03',NULL),(36,3,40,8,0,'I','2014-02-03',NULL),(37,3,41,8,0,'I','2014-02-03',NULL),(38,3,42,10,0,'I','2014-02-03',NULL),(39,3,43,10,0,'I','2014-02-03',NULL),(40,3,44,10,0,'I','2014-02-03',NULL),(41,3,48,3,0,'I','2014-02-03',NULL),(42,3,46,8,0,'I','2014-02-03',NULL),(43,3,47,3,0,'I','2014-02-03',NULL),(45,8,53,4,100,'I','2014-02-04',NULL),(46,8,54,1,160,'U','2014-02-04','2014-02-04'),(47,8,55,5,160,'D','2014-02-04','2014-02-04'),(48,8,55,6,160,'I','2014-02-04',NULL),(49,3,56,1,0,'D','2014-02-09','2014-02-09');
/*!40000 ALTER TABLE `mst_school_mat_price` ENABLE KEYS */;
UNLOCK TABLES;

--
-- Table structure for table `mst_set`
--

DROP TABLE IF EXISTS `mst_set`;
/*!40101 SET @saved_cs_client     = @@character_set_client */;
/*!40101 SET character_set_client = utf8 */;
CREATE TABLE `mst_set` (
  `SET_NO` int(11) NOT NULL AUTO_INCREMENT,
  `SET_NAME` varchar(15) NOT NULL,
  `FLAG` varchar(2) NOT NULL,
  `DATE_CREATED` date NOT NULL,
  `DATE_UPDATED` date DEFAULT NULL,
  PRIMARY KEY (`SET_NO`)
) ENGINE=InnoDB AUTO_INCREMENT=5 DEFAULT CHARSET=latin1;
/*!40101 SET character_set_client = @saved_cs_client */;

--
-- Dumping data for table `mst_set`
--

LOCK TABLES `mst_set` WRITE;
/*!40000 ALTER TABLE `mst_set` DISABLE KEYS */;
INSERT INTO `mst_set` VALUES (1,'PT Set','D','2014-02-09',NULL),(2,'Regular Set','D','2014-02-09',NULL),(3,'PT set','I','2014-02-09',NULL),(4,'Regular set','I','2014-02-09',NULL);
/*!40000 ALTER TABLE `mst_set` ENABLE KEYS */;
UNLOCK TABLES;

--
-- Table structure for table `mst_student`
--

DROP TABLE IF EXISTS `mst_student`;
/*!40101 SET @saved_cs_client     = @@character_set_client */;
/*!40101 SET character_set_client = utf8 */;
CREATE TABLE `mst_student` (
  `STSL_NO` int(11) NOT NULL AUTO_INCREMENT,
  `SCHOOL_NO` int(11) NOT NULL,
  `ORDER_NO` int(11) NOT NULL,
  `STUDENT_NAME` varchar(30) NOT NULL,
  `CLASS_NO` int(11) NOT NULL,
  `DIVISION` varchar(3) NOT NULL,
  `GENDER` varchar(6) NOT NULL,
  `PHONE_N0` varchar(11) NOT NULL,
  `SHIRTH_LENGTH` decimal(5,2) DEFAULT NULL,
  `SHIRTH_SHOULDER` decimal(5,2) DEFAULT NULL,
  `SHIRTH_CHEST` decimal(5,2) DEFAULT NULL,
  `SHIRTH_SLEEVE_LENGTH` decimal(5,2) DEFAULT NULL,
  `SHIRTH_SLEEVE_LOOSE` decimal(5,2) DEFAULT NULL,
  `SHIRTH_COLLAR` decimal(5,2) DEFAULT NULL,
  `PANT_LENGTH` decimal(5,2) DEFAULT NULL,
  `PANT_INSIDE` decimal(5,2) DEFAULT NULL,
  `PANT_KNEE_LENGHT` decimal(5,2) DEFAULT NULL,
  `PANT_KNEE_LOOSE` decimal(5,2) DEFAULT NULL,
  `PANT_WAIST` decimal(5,2) DEFAULT NULL,
  `PANT_SEAT` decimal(5,2) DEFAULT NULL,
  `PIN_YOK` decimal(5,2) DEFAULT NULL,
  `PIN_LENGTH` decimal(5,2) DEFAULT NULL,
  `PIN_WAIST` decimal(5,2) DEFAULT NULL,
  `COAT_LENGTH` decimal(5,2) DEFAULT NULL,
  `COAT_SHOULDER` decimal(5,2) DEFAULT NULL,
  `COAT_CHEST` decimal(5,2) DEFAULT NULL,
  `COAT_WAIST` decimal(5,2) DEFAULT NULL,
  `COAT_SEAT` decimal(5,2) DEFAULT NULL,
  `FLAG` varchar(2) NOT NULL,
  `DATE_CREATED` date NOT NULL,
  `DATE_UPDATED` date DEFAULT NULL,
  `PANT_BOTTOM_LOOSE` decimal(5,2) DEFAULT NULL,
  `PIN_SHOULDER` decimal(5,2) DEFAULT NULL,
  `SKIRT_LENGTH` decimal(5,2) DEFAULT NULL,
  PRIMARY KEY (`STSL_NO`),
  KEY `MST_STUDENT_FK1` (`SCHOOL_NO`),
  KEY `MST_STUDENT_FK2` (`CLASS_NO`),
  CONSTRAINT `MST_STUDENT_FK1` FOREIGN KEY (`SCHOOL_NO`) REFERENCES `mst_school` (`SCHOOL_NO`),
  CONSTRAINT `MST_STUDENT_FK2` FOREIGN KEY (`CLASS_NO`) REFERENCES `mst_class` (`CLASS_NO`)
) ENGINE=InnoDB AUTO_INCREMENT=70 DEFAULT CHARSET=latin1;
/*!40101 SET character_set_client = @saved_cs_client */;

--
-- Dumping data for table `mst_student`
--

LOCK TABLES `mst_student` WRITE;
/*!40000 ALTER TABLE `mst_student` DISABLE KEYS */;
INSERT INTO `mst_student` VALUES (1,1,601,'AKASH',1,'A','Male','0',19.00,12.00,23.00,6.00,11.00,13.00,14.00,5.00,0.00,0.00,22.00,25.00,NULL,NULL,NULL,NULL,NULL,NULL,NULL,NULL,'I','2014-01-21',NULL,NULL,NULL,NULL),(2,1,602,'ALLAN',1,'A','Male','0',18.00,13.00,24.00,6.00,13.00,12.00,14.00,0.00,0.00,0.00,24.00,26.00,NULL,NULL,NULL,NULL,NULL,NULL,NULL,NULL,'I','2014-01-21',NULL,NULL,NULL,NULL),(3,1,701,'KARITHIKA',1,'A','Female','0',18.00,13.00,24.00,6.00,12.00,4.00,NULL,NULL,NULL,NULL,NULL,NULL,11.00,29.00,28.00,NULL,NULL,NULL,NULL,NULL,'I','2014-01-21',NULL,NULL,NULL,NULL),(4,1,702,'SIYA',1,'A','Female','0',19.00,12.00,24.00,6.00,11.00,3.00,NULL,NULL,NULL,NULL,NULL,NULL,9.00,29.00,28.00,NULL,NULL,NULL,NULL,NULL,'I','2014-01-21',NULL,NULL,NULL,NULL),(5,1,1005,'ACHUTHDEV',2,'A','Male','0',19.00,13.00,25.00,6.00,12.00,13.00,14.00,0.00,0.00,0.00,25.00,28.00,NULL,NULL,NULL,NULL,NULL,NULL,NULL,NULL,'I','2014-01-21',NULL,NULL,NULL,NULL),(6,1,1014,'AJAY',2,'A','Male','0',NULL,NULL,NULL,NULL,NULL,NULL,NULL,NULL,NULL,NULL,NULL,NULL,NULL,NULL,NULL,NULL,NULL,NULL,NULL,NULL,'I','2014-01-21',NULL,NULL,NULL,NULL),(7,1,779,'ADHEENA',2,'A','Female','0',20.00,14.00,25.00,5.00,12.00,4.00,NULL,NULL,NULL,NULL,NULL,NULL,0.00,20.00,26.00,NULL,NULL,NULL,NULL,NULL,'I','2014-01-21',NULL,NULL,NULL,NULL),(8,1,780,'ANGEL',2,'A','Female','0',19.00,14.00,24.00,5.00,13.00,4.00,NULL,NULL,NULL,NULL,NULL,NULL,0.00,18.00,26.00,NULL,NULL,NULL,NULL,NULL,'I','2014-01-21',NULL,NULL,NULL,NULL),(9,1,1020,'JINU',3,'B','Male','0',17.00,13.00,25.00,5.00,12.00,14.00,13.00,0.00,0.00,0.00,20.00,23.00,NULL,NULL,NULL,NULL,NULL,NULL,NULL,NULL,'I','2014-01-21',NULL,NULL,NULL,NULL),(10,1,1044,'ADISH',3,'S','Male','0',17.00,13.00,24.00,5.00,12.00,14.00,13.00,0.00,0.00,0.00,20.00,24.00,NULL,NULL,NULL,NULL,NULL,NULL,NULL,NULL,'I','2014-01-21',NULL,NULL,NULL,NULL),(11,1,737,'ARYANANDA',3,'B','Female','05',16.00,12.00,24.00,5.00,11.00,4.00,NULL,NULL,NULL,NULL,NULL,NULL,10.00,29.00,24.00,NULL,NULL,NULL,NULL,NULL,'I','2014-01-21',NULL,NULL,NULL,NULL),(12,1,1123,'ANUGRAHA',3,'B','Female','0',17.00,14.00,23.00,5.00,13.00,4.00,NULL,NULL,NULL,NULL,NULL,NULL,11.00,28.00,27.00,NULL,NULL,NULL,NULL,NULL,'I','2014-01-21',NULL,NULL,NULL,NULL),(13,1,662,'RAIMAL',4,'A','Male','0',18.00,14.00,24.00,5.00,13.00,13.00,13.00,0.00,0.00,0.00,24.00,26.00,NULL,NULL,NULL,NULL,NULL,NULL,NULL,NULL,'I','2014-01-21',NULL,NULL,NULL,NULL),(14,1,663,'VISHU',4,'A','Male','0',17.00,13.00,24.00,5.00,13.00,11.00,13.00,0.00,0.00,0.00,24.00,27.00,0.00,0.00,0.00,0.00,0.00,0.00,0.00,0.00,'I','2014-01-31',NULL,NULL,NULL,NULL),(15,1,1218,'AHALYA',4,'A','Female','0',17.00,11.00,24.00,5.00,12.00,4.00,NULL,NULL,NULL,NULL,NULL,NULL,9.00,24.00,26.00,NULL,NULL,NULL,NULL,NULL,'I','2014-01-21',NULL,NULL,NULL,NULL),(16,1,1219,'ALEZUBA',4,'A','Female','0',16.00,13.00,25.00,5.00,12.00,4.00,NULL,NULL,NULL,NULL,NULL,NULL,0.00,28.00,24.00,NULL,NULL,NULL,NULL,NULL,'I','2014-01-21',NULL,NULL,NULL,NULL),(17,1,1084,'ADWAITH',5,'A','Male','0',19.00,15.00,27.00,6.00,13.00,14.00,28.00,9.00,13.00,16.00,27.00,30.00,NULL,NULL,NULL,NULL,NULL,NULL,NULL,NULL,'I','2014-01-21',NULL,NULL,NULL,NULL),(18,1,1085,'ARJUN',5,'A','Male','0',18.00,14.00,26.00,6.00,13.00,14.00,26.00,9.00,14.00,16.00,29.00,33.00,NULL,NULL,NULL,NULL,NULL,NULL,NULL,NULL,'I','2014-01-21',NULL,NULL,NULL,NULL),(19,1,1198,'SINILAMOL',5,'A','Female','0',16.00,12.00,25.00,5.00,13.00,4.00,NULL,NULL,NULL,NULL,NULL,NULL,0.00,31.00,27.00,NULL,NULL,NULL,NULL,NULL,'I','2014-01-21',NULL,NULL,NULL,NULL),(20,1,1199,'APARNA',5,'A','Female','0',16.00,14.00,27.00,6.00,13.00,3.00,NULL,NULL,NULL,NULL,NULL,NULL,11.00,30.00,28.00,NULL,NULL,NULL,NULL,NULL,'I','2014-01-21',NULL,NULL,NULL,NULL),(21,1,1059,'ATHUL SANTHOSH',6,'A','Male','0',18.00,14.00,27.00,6.00,13.00,14.00,28.00,10.00,14.00,16.00,30.00,32.00,NULL,NULL,NULL,NULL,NULL,NULL,NULL,NULL,'I','2014-01-21',NULL,NULL,NULL,NULL),(22,1,1060,'THOMASKUTTY',6,'A','Male','0',19.00,14.00,27.00,6.00,11.00,13.00,28.00,10.00,15.00,17.00,30.00,34.00,0.00,0.00,0.00,0.00,0.00,0.00,0.00,0.00,'I','2014-01-31',NULL,NULL,NULL,NULL),(23,1,1127,'SONA',6,'A','Female','0',17.00,14.00,26.00,5.00,14.00,4.00,NULL,NULL,NULL,NULL,NULL,NULL,10.00,35.00,27.00,NULL,NULL,NULL,NULL,NULL,'I','2014-01-21',NULL,NULL,NULL,NULL),(24,1,1128,'THRETHA',6,'A','Female','0',19.00,14.00,27.00,6.00,11.00,4.00,NULL,NULL,NULL,NULL,NULL,NULL,11.00,32.00,32.00,NULL,NULL,NULL,NULL,NULL,'I','2014-01-21',NULL,NULL,NULL,NULL),(25,1,1343,'VISHNU   S',7,'A','Male','0',0.00,0.00,0.00,0.00,0.00,0.00,29.00,10.00,11.00,14.00,30.00,32.00,NULL,NULL,NULL,NULL,NULL,NULL,NULL,NULL,'I','2014-01-21',NULL,NULL,NULL,NULL),(26,1,1344,'ASWIN',7,'A','Male','0',0.00,0.00,0.00,0.00,0.00,0.00,28.00,18.00,12.00,13.00,28.00,32.00,NULL,NULL,NULL,NULL,NULL,NULL,NULL,NULL,'I','2014-01-21',NULL,NULL,NULL,NULL),(27,1,1154,'NEHA',7,'A','Female','0',17.00,14.00,24.00,26.00,5.00,4.00,NULL,NULL,NULL,NULL,NULL,NULL,10.00,29.00,27.00,NULL,NULL,NULL,NULL,NULL,'I','2014-01-21',NULL,NULL,NULL,NULL),(28,1,1155,'KRIPA',7,'A','Female','0',0.00,0.00,0.00,0.00,0.00,0.00,NULL,NULL,NULL,NULL,NULL,NULL,0.00,29.00,30.00,NULL,NULL,NULL,NULL,NULL,'I','2014-01-21',NULL,NULL,NULL,NULL),(29,1,1067,'ABIMANYU',8,'A','Male','0',0.00,0.00,0.00,0.00,0.00,0.00,32.00,12.00,14.00,16.00,34.00,36.00,NULL,NULL,NULL,NULL,NULL,NULL,NULL,NULL,'I','2014-01-21',NULL,NULL,NULL,NULL),(30,1,1181,'BIYA',8,'A','Female','0',0.00,0.00,0.00,0.00,0.00,0.00,0.00,0.00,0.00,0.00,0.00,0.00,11.00,33.00,25.00,0.00,0.00,0.00,0.00,0.00,'I','2014-01-31',NULL,NULL,NULL,NULL),(31,1,1357,'SNEESH',9,'A','Male','0',19.00,14.00,27.00,6.00,13.00,14.00,30.00,19.00,12.00,13.00,38.00,40.00,NULL,NULL,NULL,NULL,NULL,NULL,NULL,NULL,'I','2014-01-21',NULL,NULL,NULL,NULL),(32,1,1355,'SHREEHARI',9,'A','Male','0',0.00,0.00,0.00,0.00,0.00,0.00,28.00,18.00,13.00,16.00,29.00,32.00,NULL,NULL,NULL,NULL,NULL,NULL,NULL,NULL,'I','2014-01-21',NULL,NULL,NULL,NULL),(33,1,1366,'DIYA',9,'A','Female','0',0.00,0.00,0.00,0.00,0.00,0.00,NULL,NULL,NULL,NULL,NULL,NULL,0.00,27.00,26.00,NULL,NULL,NULL,NULL,NULL,'I','2014-01-21',NULL,NULL,NULL,NULL),(34,1,1367,'NIRUPAMA',9,'A','Female','0',0.00,0.00,0.00,0.00,0.00,0.00,0.00,0.00,0.00,0.00,0.00,0.00,0.00,28.00,26.00,0.00,0.00,0.00,0.00,0.00,'I','2014-01-31',NULL,NULL,NULL,NULL),(35,2,380,'ANAVBI',1,'A','Male','0',16.00,11.00,22.00,5.00,11.00,13.00,0.75,0.00,0.00,0.00,23.00,25.00,NULL,NULL,NULL,NULL,NULL,NULL,NULL,NULL,'I','2014-01-22',NULL,NULL,NULL,NULL),(36,2,381,'AMAL',1,'A','Male','0',15.00,12.00,23.00,5.00,12.00,12.00,0.75,0.00,0.00,0.00,24.00,26.00,NULL,NULL,NULL,NULL,NULL,NULL,NULL,NULL,'I','2014-01-22',NULL,NULL,NULL,NULL),(37,2,386,'APARNA',1,'A','Female','0',18.00,13.00,23.00,5.00,12.00,13.00,NULL,NULL,NULL,NULL,NULL,NULL,8.00,20.00,21.00,NULL,NULL,NULL,NULL,NULL,'I','2014-01-22',NULL,NULL,NULL,NULL),(38,2,387,'NANDHANA',1,'A','Female','0',18.09,13.00,24.00,5.00,12.00,13.00,NULL,NULL,NULL,NULL,NULL,NULL,9.00,20.00,25.00,NULL,NULL,NULL,NULL,NULL,'I','2014-01-22',NULL,NULL,NULL,NULL),(39,2,366,'DASIN B',2,'A','Male','0',18.00,13.00,24.00,5.00,12.00,13.00,0.75,0.00,0.00,0.00,24.00,28.00,NULL,NULL,NULL,NULL,NULL,NULL,NULL,NULL,'I','2014-01-22',NULL,NULL,NULL,NULL),(40,2,367,'JOEL',2,'A','Female','0',16.00,12.00,24.00,5.00,12.00,13.00,0.75,0.00,0.00,0.00,24.00,26.00,NULL,NULL,NULL,NULL,NULL,NULL,NULL,NULL,'I','2014-01-22',NULL,NULL,NULL,NULL),(41,2,371,'LAKSHMI',2,'A','Female','0',16.00,12.00,23.00,24.00,5.00,12.00,0.00,0.00,0.00,0.00,0.00,0.00,9.00,23.00,25.00,0.00,0.00,0.00,0.00,0.00,'I','2014-01-30',NULL,NULL,NULL,NULL),(42,2,372,'KEERTHNA',2,'A','Female','0',16.00,12.00,24.00,5.00,12.00,12.00,NULL,NULL,NULL,NULL,NULL,NULL,9.00,26.00,28.00,NULL,NULL,NULL,NULL,NULL,'I','2014-01-22',NULL,NULL,NULL,NULL),(43,2,306,'muhammed',3,'A','Male','0',16.00,12.00,23.00,5.00,11.00,13.00,0.14,0.00,0.00,0.00,22.00,23.00,NULL,NULL,NULL,NULL,NULL,NULL,NULL,NULL,'I','2014-01-23',NULL,NULL,NULL,NULL),(44,2,308,'MITHESH',3,'A','Male','0',16.00,13.00,24.00,5.00,12.00,13.00,0.65,0.00,0.00,0.00,24.00,26.00,NULL,NULL,NULL,NULL,NULL,NULL,NULL,NULL,'I','2014-01-23',NULL,NULL,NULL,NULL),(45,2,301,'GOURI',3,'A','Male','0',16.00,12.00,23.00,5.00,12.00,13.00,0.65,0.00,0.00,0.00,24.00,26.00,NULL,NULL,NULL,NULL,NULL,NULL,NULL,NULL,'I','2014-01-23',NULL,NULL,NULL,NULL),(46,2,302,'JOAN',3,'A','Male','0',16.00,13.00,24.00,5.00,13.00,13.00,NULL,NULL,NULL,NULL,NULL,NULL,8.00,26.00,24.00,NULL,NULL,NULL,NULL,NULL,'I','2014-01-23',NULL,NULL,NULL,NULL),(47,2,327,'ADITHIYAN',4,'A','Male','0',16.00,13.00,24.00,5.00,12.00,13.00,0.75,0.00,0.00,0.00,24.00,26.00,NULL,NULL,NULL,NULL,NULL,NULL,NULL,NULL,'I','2014-01-23',NULL,NULL,NULL,NULL),(48,2,329,'MOHAMMED IQUBAL',4,'A','Male','0',17.00,12.00,24.00,5.00,6.00,12.00,12.00,8.00,12.00,12.00,24.00,26.00,NULL,NULL,NULL,NULL,NULL,NULL,NULL,NULL,'I','2014-01-23',NULL,NULL,NULL,NULL),(49,2,337,'TARA',4,'A','Female','0',18.00,14.00,25.00,5.00,13.00,13.00,NULL,NULL,NULL,NULL,NULL,NULL,8.00,32.00,26.00,NULL,NULL,NULL,NULL,NULL,'I','2014-01-27',NULL,NULL,NULL,NULL),(50,2,338,'MEENAKSHI',4,'A','Female','0',18.00,14.00,32.00,6.00,12.00,13.00,NULL,NULL,NULL,NULL,NULL,NULL,10.00,35.00,26.00,NULL,NULL,NULL,NULL,NULL,'I','2014-01-27',NULL,NULL,NULL,NULL),(51,2,339,'GAUTHAM',5,'A','Male','0',18.00,15.00,27.00,5.00,13.00,14.00,32.00,18.00,15.00,16.00,36.00,38.00,NULL,NULL,NULL,NULL,NULL,NULL,NULL,NULL,'I','2014-01-27',NULL,NULL,NULL,NULL),(52,2,340,'MASOOD',5,'A','Male','0',18.00,113.00,24.00,6.00,13.00,14.00,35.00,17.00,14.00,16.00,35.00,37.00,NULL,NULL,NULL,NULL,NULL,NULL,NULL,NULL,'I','2014-01-27',NULL,NULL,NULL,NULL),(53,2,345,'LAKSHMI',5,'A','Female','0',0.00,0.00,0.00,0.00,0.00,0.00,0.00,0.00,0.00,0.00,0.00,0.00,9.00,37.00,36.00,0.00,0.00,0.00,0.00,0.00,'I','2014-01-29',NULL,NULL,NULL,NULL),(54,2,346,'VARSHA',5,'A','Female','0',18.00,15.00,35.00,6.00,14.00,14.00,NULL,NULL,NULL,NULL,NULL,NULL,10.00,35.00,32.00,NULL,NULL,NULL,NULL,NULL,'I','2014-01-27',NULL,NULL,NULL,NULL),(55,2,475,'VISHNU',6,'A','Male','0',18.00,15.00,32.00,5.00,14.00,14.00,34.00,17.00,11.00,4.00,35.00,36.00,NULL,NULL,NULL,NULL,NULL,NULL,NULL,NULL,'I','2014-01-27',NULL,NULL,NULL,NULL),(56,2,493,'SREERAJ',6,'A','Male','0',10.00,12.00,11.00,10.00,11.00,12.00,26.00,10.00,12.00,16.00,23.00,28.00,NULL,NULL,NULL,NULL,NULL,NULL,NULL,NULL,'I','2014-01-27',NULL,NULL,NULL,NULL),(57,2,353,'ANITTA',6,'A','Female','0',NULL,NULL,NULL,NULL,NULL,NULL,NULL,NULL,NULL,NULL,NULL,NULL,10.00,30.00,28.00,NULL,NULL,NULL,NULL,NULL,'I','2014-01-27',NULL,NULL,NULL,NULL),(58,2,354,'ATHIRA',6,'A','Female','0',NULL,NULL,NULL,NULL,NULL,NULL,NULL,NULL,NULL,NULL,NULL,NULL,12.00,28.00,24.00,NULL,NULL,NULL,NULL,NULL,'I','2014-01-27',NULL,NULL,NULL,NULL),(59,2,359,'NIVIL',7,'A','Male','0',22.00,14.00,24.00,10.00,12.00,14.00,32.00,10.00,15.00,18.00,34.00,38.00,NULL,NULL,NULL,NULL,NULL,NULL,NULL,NULL,'I','2014-01-27',NULL,NULL,NULL,NULL),(60,2,360,'JAYAKRISHNAN',7,'A','Male','2',28.00,17.00,38.00,10.00,12.00,16.00,38.00,10.00,16.00,18.00,34.00,38.00,NULL,NULL,NULL,NULL,NULL,NULL,NULL,NULL,'I','2014-01-27',NULL,NULL,NULL,NULL),(61,2,319,'MOHAMMED',8,'A','Male','2',26.00,16.00,33.00,9.00,12.00,14.00,33.00,10.00,15.00,16.00,23.00,27.00,NULL,NULL,NULL,NULL,NULL,NULL,NULL,NULL,'I','2014-01-27',NULL,NULL,NULL,NULL),(62,2,495,'ANUPAMA',9,'A','Female','1',26.00,15.00,36.00,12.00,10.00,13.00,NULL,NULL,NULL,NULL,NULL,NULL,0.00,22.00,30.00,NULL,NULL,NULL,NULL,NULL,'I','2014-01-27',NULL,NULL,NULL,NULL),(63,2,363,'jency',8,'A','Female','4',NULL,NULL,NULL,NULL,NULL,NULL,NULL,NULL,NULL,NULL,NULL,NULL,0.00,22.00,26.00,NULL,NULL,NULL,NULL,NULL,'I','2014-01-27',NULL,NULL,NULL,NULL),(64,2,361,'ALIGA',8,'A','Female','0',0.00,0.00,0.00,0.00,0.00,0.00,0.00,0.00,0.00,0.00,0.00,0.00,0.00,0.00,0.00,26.00,14.00,32.00,28.00,34.00,'I','2014-01-30',NULL,NULL,NULL,NULL),(65,2,362,'LINSA',8,'A','Female','0',0.00,0.00,0.00,0.00,0.00,0.00,0.00,0.00,0.00,0.00,0.00,0.00,10.00,27.00,20.00,26.00,14.00,32.00,28.00,0.00,'I','2014-01-30',NULL,NULL,NULL,NULL),(66,1,1069,'Karhik',8,'A','Male','0',0.00,0.00,0.00,0.00,0.00,0.00,36.00,18.00,15.00,16.00,32.00,34.00,NULL,NULL,NULL,NULL,NULL,NULL,NULL,NULL,'I','2014-01-31',NULL,NULL,NULL,NULL),(67,1,1182,'MANJIMA',8,'A','Female','0',NULL,NULL,NULL,NULL,NULL,NULL,NULL,NULL,NULL,NULL,NULL,NULL,11.00,33.00,28.00,NULL,NULL,NULL,NULL,NULL,'I','2014-01-31',NULL,NULL,NULL,NULL),(68,1,1234,'dsdfsdf',1,'A','Female','0',5.00,5.00,5.00,5.00,5.00,5.00,5.00,5.00,5.00,5.00,5.00,5.00,5.00,5.00,5.00,0.00,0.00,0.00,0.00,0.00,'I','2014-02-09',NULL,6.00,5.06,NULL),(69,3,34,'Anirugth Niraj',1,'A','Male','0',2.00,2.00,2.00,2.00,2.00,2.00,2.00,2.00,2.00,2.00,2.00,2.00,NULL,NULL,NULL,NULL,NULL,NULL,NULL,NULL,'I','2014-02-09',NULL,2.00,NULL,NULL);
/*!40000 ALTER TABLE `mst_student` ENABLE KEYS */;
UNLOCK TABLES;

--
-- Table structure for table `mst_student_detail`
--

DROP TABLE IF EXISTS `mst_student_detail`;
/*!40101 SET @saved_cs_client     = @@character_set_client */;
/*!40101 SET character_set_client = utf8 */;
CREATE TABLE `mst_student_detail` (
  `SL_NO` int(11) NOT NULL AUTO_INCREMENT,
  `STSL_NO` int(11) NOT NULL,
  `ITEM_NO` int(11) NOT NULL,
  `QTY` int(11) NOT NULL,
  `FLAG` varchar(2) NOT NULL,
  `DATE_CREATED` date NOT NULL,
  `DATE_UPDATED` date DEFAULT NULL,
  PRIMARY KEY (`SL_NO`),
  KEY `MST_STUDENT_DETAIL_FR1` (`ITEM_NO`),
  KEY `MST_STUDENT_DETAIL_FR2` (`STSL_NO`),
  CONSTRAINT `MST_STUDENT_DETAIL_FR1` FOREIGN KEY (`ITEM_NO`) REFERENCES `mst_item` (`ITEM_NO`),
  CONSTRAINT `MST_STUDENT_DETAIL_FR2` FOREIGN KEY (`STSL_NO`) REFERENCES `mst_student` (`STSL_NO`)
) ENGINE=InnoDB AUTO_INCREMENT=247 DEFAULT CHARSET=latin1;
/*!40101 SET character_set_client = @saved_cs_client */;

--
-- Dumping data for table `mst_student_detail`
--

LOCK TABLES `mst_student_detail` WRITE;
/*!40000 ALTER TABLE `mst_student_detail` DISABLE KEYS */;
INSERT INTO `mst_student_detail` VALUES (1,1,3,2,'I','2014-01-21',NULL),(2,1,1,2,'I','2014-01-21',NULL),(3,1,5,1,'I','2014-01-21',NULL),(4,1,2,1,'I','2014-01-21',NULL),(5,1,15,1,'I','2014-01-21',NULL),(6,2,1,2,'I','2014-01-21',NULL),(7,2,2,1,'I','2014-01-21',NULL),(8,2,3,2,'I','2014-01-21',NULL),(9,2,5,1,'I','2014-01-21',NULL),(10,2,13,1,'I','2014-01-21',NULL),(11,2,8,1,'D','2014-01-21',NULL),(12,2,15,1,'I','2014-01-21',NULL),(13,3,9,2,'D','2014-01-21',NULL),(14,3,11,2,'D','2014-01-21',NULL),(15,3,19,1,'I','2014-01-21',NULL),(16,3,17,1,'I','2014-01-21',NULL),(17,3,20,1,'D','2014-01-21',NULL),(18,3,15,1,'I','2014-01-21',NULL),(19,3,8,1,'D','2014-01-21',NULL),(20,4,11,2,'D','2014-01-21',NULL),(21,4,17,1,'I','2014-01-21',NULL),(22,4,9,2,'D','2014-01-21',NULL),(23,4,19,1,'I','2014-01-21',NULL),(24,4,20,1,'D','2014-01-21',NULL),(25,4,8,1,'D','2014-01-21',NULL),(26,4,15,1,'I','2014-01-21',NULL),(27,5,1,2,'I','2014-01-21',NULL),(28,5,3,2,'I','2014-01-21',NULL),(29,5,2,1,'I','2014-01-21',NULL),(30,5,13,1,'I','2014-01-21',NULL),(31,6,13,1,'I','2014-01-21',NULL),(32,7,20,1,'D','2014-01-21',NULL),(33,8,20,1,'D','2014-01-21',NULL),(34,9,1,1,'I','2014-01-21',NULL),(35,9,3,1,'I','2014-01-21',NULL),(36,9,13,1,'I','2014-01-21',NULL),(37,10,1,2,'I','2014-01-21',NULL),(38,10,3,2,'I','2014-01-21',NULL),(39,10,2,1,'I','2014-01-21',NULL),(40,10,5,1,'I','2014-01-21',NULL),(41,10,13,1,'I','2014-01-21',NULL),(42,10,15,1,'I','2014-01-21',NULL),(43,10,8,1,'D','2014-01-21',NULL),(44,11,11,2,'D','2014-01-21',NULL),(45,11,9,2,'D','2014-01-21',NULL),(46,11,17,1,'I','2014-01-21',NULL),(47,11,19,1,'I','2014-01-21',NULL),(48,11,20,1,'D','2014-01-21',NULL),(49,12,20,1,'D','2014-01-21',NULL),(50,13,1,2,'I','2014-01-21',NULL),(51,13,3,2,'I','2014-01-21',NULL),(52,13,2,1,'I','2014-01-21',NULL),(53,13,5,1,'I','2014-01-21',NULL),(54,13,13,1,'I','2014-01-21',NULL),(55,14,1,3,'I','2014-01-21',NULL),(56,14,3,3,'I','2014-01-21',NULL),(57,14,5,1,'I','2014-01-21',NULL),(58,14,2,1,'I','2014-01-21',NULL),(59,14,13,1,'I','2014-01-21',NULL),(60,15,11,2,'D','2014-01-21',NULL),(61,15,17,1,'I','2014-01-21',NULL),(62,15,19,1,'I','2014-01-21',NULL),(63,15,9,2,'D','2014-01-21',NULL),(64,15,20,1,'D','2014-01-21',NULL),(65,16,9,2,'D','2014-01-21',NULL),(66,16,20,1,'D','2014-01-21',NULL),(67,17,2,1,'I','2014-01-21',NULL),(68,17,12,1,'I','2014-01-21',NULL),(69,18,1,2,'I','2014-01-21',NULL),(70,18,6,1,'I','2014-01-21',NULL),(71,18,12,1,'I','2014-01-21',NULL),(72,19,19,1,'I','2014-01-21',NULL),(73,19,9,1,'D','2014-01-21',NULL),(74,19,20,1,'D','2014-01-21',NULL),(75,20,9,1,'D','2014-01-21',NULL),(76,20,11,1,'D','2014-01-21',NULL),(77,20,20,1,'D','2014-01-21',NULL),(78,21,1,2,'I','2014-01-21',NULL),(79,21,12,1,'I','2014-01-21',NULL),(80,22,1,1,'I','2014-01-21',NULL),(81,22,4,1,'I','2014-01-21',NULL),(82,22,12,1,'I','2014-01-21',NULL),(83,23,11,1,'D','2014-01-21',NULL),(84,23,9,1,'D','2014-01-21',NULL),(85,23,20,1,'D','2014-01-21',NULL),(86,24,9,2,'D','2014-01-21',NULL),(87,24,20,1,'D','2014-01-21',NULL),(88,25,12,1,'I','2014-01-21',NULL),(89,26,4,2,'I','2014-01-21',NULL),(90,26,6,1,'I','2014-01-21',NULL),(91,26,12,1,'I','2014-01-21',NULL),(92,27,11,1,'D','2014-01-21',NULL),(93,27,9,1,'D','2014-01-21',NULL),(94,27,20,1,'D','2014-01-21',NULL),(95,28,20,1,'D','2014-01-21',NULL),(96,29,6,1,'I','2014-01-21',NULL),(97,29,4,2,'I','2014-01-21',NULL),(98,29,12,1,'I','2014-01-21',NULL),(99,30,12,1,'D','2014-01-21',NULL),(100,31,1,2,'I','2014-01-21',NULL),(101,31,4,1,'I','2014-01-21',NULL),(102,31,12,1,'I','2014-01-21',NULL),(103,31,2,1,'I','2014-01-21',NULL),(104,32,12,1,'I','2014-01-21',NULL),(105,33,20,1,'D','2014-01-21',NULL),(106,34,20,1,'D','2014-01-21',NULL),(107,35,26,1,'I','2014-01-22',NULL),(108,35,5,1,'D','2014-01-22',NULL),(109,36,26,1,'I','2014-01-22',NULL),(110,36,3,1,'I','2014-01-22',NULL),(111,36,5,1,'I','2014-01-22',NULL),(112,37,26,1,'I','2014-01-22',NULL),(113,37,11,1,'D','2014-01-22',NULL),(114,38,26,1,'I','2014-01-22',NULL),(115,38,11,1,'D','2014-01-22',NULL),(116,39,26,1,'I','2014-01-22',NULL),(117,39,3,1,'I','2014-01-22',NULL),(118,39,5,1,'I','2014-01-22',NULL),(119,40,26,2,'I','2014-01-22',NULL),(120,40,3,2,'I','2014-01-22',NULL),(121,40,5,1,'I','2014-01-22',NULL),(122,41,26,1,'I','2014-01-22',NULL),(123,41,11,1,'D','2014-01-22',NULL),(124,41,17,1,'I','2014-01-22',NULL),(125,42,26,3,'I','2014-01-22',NULL),(126,42,11,2,'D','2014-01-22',NULL),(127,42,17,1,'I','2014-01-22',NULL),(128,43,3,2,'I','2014-01-23',NULL),(129,44,3,2,'I','2014-01-23',NULL),(130,44,26,2,'I','2014-01-23',NULL),(131,45,11,1,'D','2014-01-23',NULL),(132,45,26,1,'I','2014-01-23',NULL),(133,46,26,1,'I','2014-01-23',NULL),(134,46,11,1,'D','2014-01-23',NULL),(135,46,17,1,'I','2014-01-23',NULL),(136,47,4,3,'I','2014-01-23',NULL),(137,47,26,2,'I','2014-01-23',NULL),(138,47,6,1,'I','2014-01-23',NULL),(139,48,26,2,'I','2014-01-23',NULL),(140,48,3,0,'I','2014-01-23',NULL),(141,48,5,0,'I','2014-01-23',NULL),(142,1,13,1,'I','2014-01-23',NULL),(143,49,26,2,'I','2014-01-27',NULL),(144,49,11,2,'D','2014-01-27',NULL),(145,49,17,1,'I','2014-01-27',NULL),(146,50,26,2,'I','2014-01-27',NULL),(147,50,11,2,'D','2014-01-27',NULL),(148,50,17,1,'I','2014-01-27',NULL),(149,51,4,1,'I','2014-01-27',NULL),(150,51,27,1,'I','2014-01-27',NULL),(151,51,6,1,'I','2014-01-27',NULL),(152,52,27,1,'I','2014-01-27',NULL),(153,52,4,1,'I','2014-01-27',NULL),(154,53,11,2,'D','2014-01-27',NULL),(155,54,11,1,'D','2014-01-27',NULL),(156,54,27,1,'I','2014-01-27',NULL),(157,55,4,2,'I','2014-01-27',NULL),(158,55,27,2,'I','2014-01-27',NULL),(159,55,6,1,'I','2014-01-27',NULL),(160,56,4,2,'I','2014-01-27',NULL),(161,56,27,2,'I','2014-01-27',NULL),(162,56,6,1,'I','2014-01-27',NULL),(163,57,11,2,'D','2014-01-27',NULL),(164,57,17,1,'I','2014-01-27',NULL),(165,58,11,2,'D','2014-01-27',NULL),(166,58,17,1,'I','2014-01-27',NULL),(167,59,4,2,'I','2014-01-27',NULL),(168,59,27,2,'I','2014-01-27',NULL),(169,59,6,1,'I','2014-01-27',NULL),(170,60,4,2,'I','2014-01-27',NULL),(171,60,6,1,'I','2014-01-27',NULL),(172,60,27,2,'I','2014-01-27',NULL),(173,61,4,1,'D','2014-01-27',NULL),(174,61,28,1,'I','2014-01-27',NULL),(175,62,24,1,'I','2014-01-27',NULL),(176,62,28,1,'I','2014-01-27',NULL),(177,63,24,1,'I','2014-01-27',NULL),(178,64,22,2,'I','2014-01-28',NULL),(179,65,22,1,'I','2014-01-28',NULL),(180,37,11,1,'D','2014-01-28',NULL),(181,37,16,1,'I','2014-01-28',NULL),(182,53,16,1,'I','2014-01-29',NULL),(183,38,16,1,'I','2014-01-30',NULL),(184,42,16,2,'I','2014-01-30',NULL),(185,45,16,1,'I','2014-01-30',NULL),(186,41,16,1,'I','2014-01-30',NULL),(187,46,16,1,'I','2014-01-30',NULL),(188,49,16,2,'I','2014-01-30',NULL),(189,50,16,2,'I','2014-01-30',NULL),(190,54,16,1,'I','2014-01-30',NULL),(191,57,16,2,'I','2014-01-30',NULL),(192,58,16,2,'I','2014-01-30',NULL),(193,48,4,2,'I','2014-01-30',NULL),(194,48,6,1,'I','2014-01-30',NULL),(195,61,4,2,'I','2014-01-30',NULL),(196,66,12,1,'I','2014-01-31',NULL),(197,30,16,1,'I','2014-01-31',NULL),(198,30,30,1,'I','2014-01-31',NULL),(199,3,1,2,'I','2014-01-31',NULL),(200,3,16,2,'I','2014-01-31',NULL),(201,3,30,1,'I','2014-01-31',NULL),(202,4,1,2,'I','2014-01-31',NULL),(203,4,16,2,'I','2014-01-31',NULL),(204,4,30,1,'I','2014-01-31',NULL),(205,7,30,1,'I','2014-01-31',NULL),(206,8,30,1,'I','2014-01-31',NULL),(207,11,1,2,'I','2014-01-31',NULL),(208,11,16,2,'I','2014-01-31',NULL),(209,11,30,1,'I','2014-01-31',NULL),(210,11,14,1,'I','2014-01-31',NULL),(211,12,30,1,'I','2014-01-31',NULL),(212,15,1,2,'I','2014-01-31',NULL),(213,15,16,2,'I','2014-01-31',NULL),(214,15,30,1,'I','2014-01-31',NULL),(215,16,1,2,'I','2014-01-31',NULL),(216,16,30,1,'I','2014-01-31',NULL),(217,19,1,2,'I','2014-01-31',NULL),(218,19,30,1,'I','2014-01-31',NULL),(219,20,1,1,'I','2014-01-31',NULL),(220,20,16,1,'I','2014-01-31',NULL),(221,20,30,1,'I','2014-01-31',NULL),(222,23,1,1,'I','2014-01-31',NULL),(223,23,16,1,'I','2014-01-31',NULL),(224,23,30,1,'I','2014-01-31',NULL),(225,24,1,2,'I','2014-01-31',NULL),(226,24,30,1,'I','2014-01-31',NULL),(227,27,1,1,'I','2014-01-31',NULL),(228,27,16,1,'I','2014-01-31',NULL),(229,27,30,1,'I','2014-01-31',NULL),(230,28,30,1,'I','2014-01-31',NULL),(231,67,16,1,'I','2014-01-31',NULL),(232,67,30,1,'I','2014-01-31',NULL),(233,33,30,1,'I','2014-01-31',NULL),(234,34,30,1,'I','2014-01-31',NULL),(235,68,1,2,'I','2014-02-09',NULL),(236,68,2,2,'I','2014-02-09',NULL),(237,69,42,1,'D','2014-02-09',NULL),(238,69,50,1,'D','2014-02-09',NULL),(239,69,37,1,'D','2014-02-09',NULL),(242,69,42,2,'I','2014-02-09',NULL),(243,69,50,3,'I','2014-02-09',NULL),(244,69,37,3,'D','2014-02-09',NULL),(245,69,50,3,'D','2014-02-09',NULL),(246,69,37,1,'I','2014-02-09',NULL);
/*!40000 ALTER TABLE `mst_student_detail` ENABLE KEYS */;
UNLOCK TABLES;

--
-- Table structure for table `mst_student_mat_detail`
--

DROP TABLE IF EXISTS `mst_student_mat_detail`;
/*!40101 SET @saved_cs_client     = @@character_set_client */;
/*!40101 SET character_set_client = utf8 */;
CREATE TABLE `mst_student_mat_detail` (
  `SL_NO` int(11) NOT NULL AUTO_INCREMENT,
  `STSL_NO` int(11) NOT NULL,
  `ITEM_NO` int(11) NOT NULL,
  `MATERIAL_NO` int(11) NOT NULL,
  `FIXED_MAT_LENGTH` decimal(5,2) NOT NULL,
  `ACTUAL_MAT_LENGTH` decimal(5,2) NOT NULL,
  `FLAG` varchar(2) NOT NULL,
  `DATE_CREATED` date NOT NULL,
  `DATE_UPDATED` date DEFAULT NULL,
  PRIMARY KEY (`SL_NO`),
  KEY `MST_STUDENT_MAT_DETAIL_FK1` (`ITEM_NO`),
  KEY `MST_STUDENT_MAT_DETAIL_FK2` (`STSL_NO`),
  KEY `MST_STUDENT_MAT_DETAIL_FK3` (`MATERIAL_NO`),
  CONSTRAINT `MST_STUDENT_MAT_DETAIL_FK1` FOREIGN KEY (`ITEM_NO`) REFERENCES `mst_item` (`ITEM_NO`),
  CONSTRAINT `MST_STUDENT_MAT_DETAIL_FK2` FOREIGN KEY (`STSL_NO`) REFERENCES `mst_student` (`STSL_NO`),
  CONSTRAINT `MST_STUDENT_MAT_DETAIL_FK3` FOREIGN KEY (`MATERIAL_NO`) REFERENCES `mst_material` (`MATERIAL_NO`)
) ENGINE=InnoDB AUTO_INCREMENT=164 DEFAULT CHARSET=latin1;
/*!40101 SET character_set_client = @saved_cs_client */;

--
-- Dumping data for table `mst_student_mat_detail`
--

LOCK TABLES `mst_student_mat_detail` WRITE;
/*!40000 ALTER TABLE `mst_student_mat_detail` DISABLE KEYS */;
INSERT INTO `mst_student_mat_detail` VALUES (1,2,1,4,1.25,1.00,'I','2014-01-22',NULL),(2,2,2,5,1.25,1.00,'I','2014-01-22',NULL),(3,2,3,2,0.65,0.55,'I','2014-01-22',NULL),(4,2,5,1,0.65,0.55,'I','2014-01-22',NULL),(5,2,13,3,0.65,0.55,'I','2014-01-22',NULL),(6,1,3,2,0.65,0.55,'I','2014-01-23',NULL),(7,1,1,4,1.25,1.00,'I','2014-01-23',NULL),(8,1,5,1,0.65,0.55,'I','2014-01-23',NULL),(9,1,2,5,1.25,1.00,'I','2014-01-23',NULL),(10,37,26,7,1.25,1.10,'I','2014-01-28','2014-01-30'),(11,55,4,8,1.20,1.10,'I','2014-01-28',NULL),(12,35,26,7,1.25,1.00,'I','2014-01-29',NULL),(13,36,26,7,1.25,1.00,'I','2014-01-29',NULL),(14,36,3,8,0.75,0.65,'I','2014-01-29',NULL),(15,36,5,3,0.75,0.65,'I','2014-01-29',NULL),(16,38,26,7,1.25,1.00,'I','2014-01-29',NULL),(17,39,26,7,1.25,1.00,'I','2014-01-29',NULL),(18,39,3,8,0.75,0.65,'I','2014-01-29',NULL),(19,39,5,3,0.75,0.65,'I','2014-01-29',NULL),(20,40,26,7,1.25,1.00,'I','2014-01-29',NULL),(21,40,3,8,0.75,0.65,'I','2014-01-29',NULL),(22,40,5,3,0.75,0.65,'I','2014-01-29',NULL),(23,41,26,7,1.25,1.00,'I','2014-01-29',NULL),(24,41,17,3,1.50,1.40,'I','2014-01-29',NULL),(25,42,26,7,1.25,1.00,'I','2014-01-29',NULL),(26,42,17,3,1.50,1.40,'I','2014-01-29',NULL),(27,43,3,8,0.75,0.65,'I','2014-01-29',NULL),(28,37,16,8,1.50,1.40,'I','2014-01-29',NULL),(29,44,3,8,0.75,0.50,'I','2014-01-29',NULL),(30,44,26,7,1.25,1.00,'I','2014-01-29',NULL),(31,42,16,8,1.50,1.40,'I','2014-01-30',NULL),(32,38,16,8,1.50,1.40,'I','2014-01-30',NULL),(33,41,16,8,1.50,1.40,'I','2014-01-30',NULL),(34,45,26,7,1.25,1.10,'I','2014-01-30',NULL),(35,45,16,8,1.50,1.40,'I','2014-01-30',NULL),(37,46,26,7,1.25,1.10,'I','2014-01-30',NULL),(38,46,17,3,1.50,1.40,'I','2014-01-30',NULL),(39,46,16,8,1.50,1.40,'I','2014-01-30',NULL),(40,49,26,7,1.25,1.10,'I','2014-01-30',NULL),(41,49,17,3,1.50,1.40,'I','2014-01-30',NULL),(42,49,16,8,1.50,1.40,'I','2014-01-30',NULL),(43,50,26,7,1.25,1.10,'I','2014-01-30',NULL),(44,50,17,3,1.50,1.40,'I','2014-01-30',NULL),(45,50,16,8,1.50,1.40,'I','2014-01-30',NULL),(46,53,16,8,2.50,2.30,'I','2014-01-30',NULL),(47,54,27,7,1.50,1.40,'I','2014-01-30',NULL),(48,54,16,8,2.50,2.30,'I','2014-01-30',NULL),(49,57,17,3,2.50,2.30,'I','2014-01-30',NULL),(50,57,16,8,2.50,2.30,'I','2014-01-30',NULL),(51,58,17,3,2.50,2.30,'I','2014-01-30',NULL),(52,58,16,8,2.50,2.30,'I','2014-01-30',NULL),(53,64,22,8,1.30,1.20,'I','2014-01-30',NULL),(54,65,22,8,1.30,1.20,'I','2014-01-30',NULL),(55,35,5,3,0.75,0.60,'I','2014-01-30',NULL),(56,47,4,8,1.20,1.10,'I','2014-01-30',NULL),(57,47,26,7,1.50,1.40,'I','2014-01-30',NULL),(58,47,6,3,1.20,1.10,'I','2014-01-30',NULL),(59,48,26,7,1.50,1.40,'I','2014-01-30',NULL),(60,48,4,8,1.20,1.10,'I','2014-01-30',NULL),(61,48,6,3,1.20,1.10,'I','2014-01-30',NULL),(62,51,4,8,1.20,1.10,'I','2014-01-30',NULL),(63,51,27,7,1.50,1.40,'I','2014-01-30',NULL),(64,51,6,3,1.20,1.10,'I','2014-01-30',NULL),(65,52,27,7,1.50,1.40,'I','2014-01-30',NULL),(66,52,4,8,1.20,1.10,'I','2014-01-30',NULL),(67,55,27,7,1.50,1.40,'I','2014-01-30',NULL),(68,55,6,3,1.20,1.10,'I','2014-01-30',NULL),(69,56,4,8,1.20,1.10,'I','2014-01-30',NULL),(70,56,27,7,1.50,1.40,'I','2014-01-30',NULL),(71,56,6,3,1.20,1.10,'I','2014-01-30',NULL),(72,59,4,8,1.20,1.10,'I','2014-01-30',NULL),(73,59,27,7,1.50,1.40,'I','2014-01-30',NULL),(74,59,6,3,1.20,1.10,'I','2014-01-30',NULL),(75,60,4,8,1.20,1.10,'I','2014-01-30',NULL),(76,60,6,3,1.20,1.10,'I','2014-01-30',NULL),(77,60,27,7,1.50,1.40,'I','2014-01-30',NULL),(78,5,1,4,1.25,1.00,'I','2014-01-31',NULL),(79,5,3,2,0.75,0.65,'I','2014-01-31',NULL),(80,5,2,5,1.25,1.00,'I','2014-01-31',NULL),(81,5,13,3,0.75,0.65,'I','2014-01-31',NULL),(82,6,13,3,0.75,0.65,'I','2014-01-31',NULL),(83,9,1,4,1.25,1.10,'I','2014-01-31',NULL),(84,9,3,2,0.75,0.65,'I','2014-01-31',NULL),(85,9,13,3,0.75,0.65,'I','2014-01-31',NULL),(86,10,1,4,1.25,1.00,'I','2014-01-31','2014-02-01'),(87,10,3,2,0.65,0.55,'I','2014-01-31','2014-02-01'),(88,10,2,5,1.25,1.00,'I','2014-01-31','2014-02-01'),(89,10,5,1,0.65,0.55,'I','2014-01-31','2014-02-01'),(90,10,13,3,0.65,0.55,'I','2014-01-31','2014-02-01'),(91,13,1,4,1.25,1.10,'I','2014-01-31',NULL),(92,13,3,2,0.75,0.65,'I','2014-01-31',NULL),(93,13,5,1,0.75,0.65,'I','2014-01-31',NULL),(94,13,13,3,0.75,0.65,'I','2014-01-31',NULL),(95,14,1,4,1.25,1.10,'I','2014-01-31',NULL),(96,14,3,2,0.75,0.65,'I','2014-01-31',NULL),(97,14,5,1,0.75,0.65,'I','2014-01-31',NULL),(98,14,2,5,1.25,0.10,'I','2014-01-31',NULL),(99,14,13,3,0.75,0.65,'I','2014-01-31',NULL),(100,17,2,5,1.25,1.10,'I','2014-01-31',NULL),(101,17,12,3,1.20,1.10,'I','2014-01-31',NULL),(102,18,1,4,1.25,1.10,'I','2014-01-31',NULL),(103,18,6,1,1.20,1.10,'I','2014-01-31',NULL),(104,18,12,3,1.20,1.10,'I','2014-01-31',NULL),(105,21,1,4,1.25,1.10,'I','2014-01-31',NULL),(106,21,12,3,1.20,1.10,'I','2014-01-31',NULL),(107,22,1,4,1.25,1.10,'I','2014-01-31',NULL),(108,22,4,2,1.20,1.10,'I','2014-01-31',NULL),(109,22,12,3,1.20,1.10,'I','2014-01-31',NULL),(110,25,12,3,1.50,1.30,'I','2014-01-31',NULL),(111,26,4,2,1.40,1.20,'I','2014-01-31',NULL),(112,26,12,3,1.40,1.20,'I','2014-01-31',NULL),(113,29,6,1,1.60,1.50,'I','2014-01-31',NULL),(114,29,4,2,1.60,1.50,'I','2014-01-31',NULL),(115,29,12,3,1.60,1.50,'I','2014-01-31',NULL),(116,66,12,3,1.60,1.50,'I','2014-01-31',NULL),(117,31,4,2,1.60,1.50,'I','2014-01-31',NULL),(118,31,12,3,1.60,1.50,'I','2014-01-31',NULL),(119,31,2,5,1.60,1.50,'I','2014-01-31',NULL),(120,32,12,3,1.60,1.50,'I','2014-01-31',NULL),(121,3,19,5,1.25,1.00,'I','2014-02-01',NULL),(122,3,17,1,1.50,1.25,'I','2014-02-01',NULL),(123,3,1,4,1.25,1.00,'I','2014-02-01',NULL),(124,3,30,3,1.50,1.25,'I','2014-02-01',NULL),(125,3,16,6,2.00,1.75,'I','2014-02-01',NULL),(126,4,17,1,1.50,1.25,'I','2014-02-01','2014-02-01'),(127,4,19,5,1.25,1.00,'I','2014-02-01',NULL),(128,4,1,4,1.25,1.00,'I','2014-02-01',NULL),(129,4,16,6,2.00,1.75,'I','2014-02-01',NULL),(130,4,30,3,1.50,1.25,'I','2014-02-01','2014-02-01'),(131,7,30,3,1.75,1.50,'I','2014-02-01',NULL),(132,8,30,3,1.75,1.50,'I','2014-02-01',NULL),(133,11,17,1,1.50,1.25,'I','2014-02-01','2014-02-01'),(134,11,19,5,1.25,1.00,'I','2014-02-01',NULL),(135,11,16,6,2.00,1.75,'I','2014-02-01',NULL),(136,11,30,3,1.50,1.25,'I','2014-02-01','2014-02-01'),(137,12,30,3,1.75,1.50,'I','2014-02-01',NULL),(138,15,17,1,2.00,1.75,'I','2014-02-01',NULL),(139,15,19,5,1.25,1.00,'I','2014-02-01',NULL),(140,15,1,4,1.25,1.00,'I','2014-02-01',NULL),(141,15,16,6,2.00,1.75,'I','2014-02-01',NULL),(142,16,1,4,1.25,1.00,'I','2014-02-01',NULL),(143,16,30,3,1.75,1.50,'I','2014-02-01',NULL),(144,19,19,5,1.25,1.00,'I','2014-02-01',NULL),(145,19,1,4,1.25,1.00,'I','2014-02-01',NULL),(146,19,30,3,1.75,1.50,'I','2014-02-01',NULL),(147,20,1,4,1.25,1.00,'I','2014-02-01',NULL),(148,20,16,6,2.00,1.75,'I','2014-02-01',NULL),(149,20,30,3,1.75,1.50,'I','2014-02-01',NULL),(150,23,1,4,1.25,1.00,'I','2014-02-01',NULL),(151,23,30,3,1.75,1.50,'I','2014-02-01',NULL),(152,24,30,3,1.50,1.25,'I','2014-02-01',NULL),(153,27,1,4,1.25,1.00,'I','2014-02-01',NULL),(154,27,16,6,2.00,1.75,'I','2014-02-01',NULL),(155,27,30,3,1.75,1.50,'I','2014-02-01',NULL),(156,28,30,3,1.75,1.50,'I','2014-02-01',NULL),(157,30,16,6,2.00,1.75,'I','2014-02-01',NULL),(158,30,30,3,1.75,1.50,'I','2014-02-01',NULL),(159,33,30,3,1.75,1.50,'I','2014-02-01',NULL),(160,34,30,3,1.75,1.50,'I','2014-02-01',NULL),(161,67,16,6,2.00,1.75,'I','2014-02-01',NULL),(162,67,30,3,1.75,1.50,'I','2014-02-01',NULL),(163,1,13,3,0.65,0.50,'I','2014-02-01',NULL);
/*!40000 ALTER TABLE `mst_student_mat_detail` ENABLE KEYS */;
UNLOCK TABLES;

--
-- Table structure for table `mst_tailor`
--

DROP TABLE IF EXISTS `mst_tailor`;
/*!40101 SET @saved_cs_client     = @@character_set_client */;
/*!40101 SET character_set_client = utf8 */;
CREATE TABLE `mst_tailor` (
  `GROUP_NO` int(11) NOT NULL,
  `TAILOR_NO` int(11) NOT NULL AUTO_INCREMENT,
  `TAILOR_CODE` varchar(2) NOT NULL,
  `TAILOR_NAME` varchar(30) NOT NULL,
  `FLAG` varchar(2) NOT NULL,
  `DATE_CREATED` date DEFAULT NULL,
  `DATE_UPDATED` date DEFAULT NULL,
  PRIMARY KEY (`TAILOR_NO`),
  KEY `MST_TAILOR_FK1` (`GROUP_NO`),
  CONSTRAINT `MST_TAILOR_FK1` FOREIGN KEY (`GROUP_NO`) REFERENCES `mst_group` (`GROUP_NO`)
) ENGINE=InnoDB AUTO_INCREMENT=4 DEFAULT CHARSET=latin1;
/*!40101 SET character_set_client = @saved_cs_client */;

--
-- Dumping data for table `mst_tailor`
--

LOCK TABLES `mst_tailor` WRITE;
/*!40000 ALTER TABLE `mst_tailor` DISABLE KEYS */;
INSERT INTO `mst_tailor` VALUES (1,1,'A','anbu','I','2014-01-22',NULL),(1,2,'S','stanly','I','2014-01-22',NULL),(1,3,'A','ANBU','D','2014-01-22',NULL);
/*!40000 ALTER TABLE `mst_tailor` ENABLE KEYS */;
UNLOCK TABLES;

--
-- Table structure for table `mst_wage_advance`
--

DROP TABLE IF EXISTS `mst_wage_advance`;
/*!40101 SET @saved_cs_client     = @@character_set_client */;
/*!40101 SET character_set_client = utf8 */;
CREATE TABLE `mst_wage_advance` (
  `SL_NO` int(11) NOT NULL AUTO_INCREMENT,
  `LABOUR_NO` int(11) NOT NULL,
  `LABOUR_TYPE` char(10) NOT NULL,
  `AMOUNT` int(11) NOT NULL,
  `DATE_GIVEN` date DEFAULT NULL,
  `FLAG` varchar(2) NOT NULL,
  `DATE_CREATED` date DEFAULT NULL,
  `DATE_UPDATED` date DEFAULT NULL,
  PRIMARY KEY (`SL_NO`)
) ENGINE=InnoDB AUTO_INCREMENT=3 DEFAULT CHARSET=latin1;
/*!40101 SET character_set_client = @saved_cs_client */;

--
-- Dumping data for table `mst_wage_advance`
--

LOCK TABLES `mst_wage_advance` WRITE;
/*!40000 ALTER TABLE `mst_wage_advance` DISABLE KEYS */;
INSERT INTO `mst_wage_advance` VALUES (1,2,'Stitching',2000,'2014-01-29','I','2014-01-29',NULL),(2,1,'Cutting',500,'2014-01-29','I','2014-01-29',NULL);
/*!40000 ALTER TABLE `mst_wage_advance` ENABLE KEYS */;
UNLOCK TABLES;

--
-- Table structure for table `trn_buttonhole`
--

DROP TABLE IF EXISTS `trn_buttonhole`;
/*!40101 SET @saved_cs_client     = @@character_set_client */;
/*!40101 SET character_set_client = utf8 */;
CREATE TABLE `trn_buttonhole` (
  `SL_NO` int(11) NOT NULL AUTO_INCREMENT,
  `BH_NO` int(11) NOT NULL,
  `STSL_NO` int(11) NOT NULL,
  `ITEM_NO` int(11) NOT NULL,
  `QTY` int(11) NOT NULL,
  `STATUS` varchar(1) NOT NULL,
  `DATE_GIVEN` date DEFAULT NULL,
  `DATE_RECIEVED` date DEFAULT NULL,
  `FLAG` varchar(2) NOT NULL,
  `DATE_CREATED` date NOT NULL,
  `DATE_UPDATED` date DEFAULT NULL,
  PRIMARY KEY (`SL_NO`),
  KEY `TRN_BUTTONHOLE_FK1` (`ITEM_NO`),
  KEY `TRN_BUTTONHOLE_FK2` (`STSL_NO`),
  KEY `TRN_BUTTONHOLE_FK3` (`BH_NO`),
  CONSTRAINT `TRN_BUTTONHOLE_FK1` FOREIGN KEY (`ITEM_NO`) REFERENCES `mst_item` (`ITEM_NO`),
  CONSTRAINT `TRN_BUTTONHOLE_FK2` FOREIGN KEY (`STSL_NO`) REFERENCES `mst_student` (`STSL_NO`),
  CONSTRAINT `TRN_BUTTONHOLE_FK3` FOREIGN KEY (`BH_NO`) REFERENCES `mst_buttonhole` (`BH_NO`)
) ENGINE=InnoDB AUTO_INCREMENT=113 DEFAULT CHARSET=latin1;
/*!40101 SET character_set_client = @saved_cs_client */;

--
-- Dumping data for table `trn_buttonhole`
--

LOCK TABLES `trn_buttonhole` WRITE;
/*!40000 ALTER TABLE `trn_buttonhole` DISABLE KEYS */;
INSERT INTO `trn_buttonhole` VALUES (50,1,5,1,2,'C','2014-01-31','2014-01-31','I','2014-01-31','2014-01-31'),(51,1,5,2,1,'C','2014-01-31','2014-01-31','I','2014-01-31','2014-01-31'),(52,1,1,3,2,'C','2014-02-01','2014-02-01','I','2014-02-01','2014-02-01'),(53,1,1,1,2,'C','2014-02-01','2014-02-01','I','2014-02-01','2014-02-01'),(54,1,1,5,1,'C','2014-02-01','2014-02-01','I','2014-02-01','2014-02-01'),(55,1,1,2,1,'C','2014-02-01','2014-02-01','I','2014-02-01','2014-02-01'),(56,1,1,13,1,'C','2014-02-01','2014-02-01','I','2014-02-01','2014-02-01'),(57,1,2,1,2,'C','2014-02-01','2014-02-01','I','2014-02-01','2014-02-01'),(58,1,2,2,1,'C','2014-02-01','2014-02-01','I','2014-02-01','2014-02-01'),(59,1,2,3,2,'C','2014-02-01','2014-02-01','I','2014-02-01','2014-02-01'),(60,1,2,5,1,'C','2014-02-01','2014-02-01','I','2014-02-01','2014-02-01'),(61,1,2,13,1,'C','2014-02-01','2014-02-01','I','2014-02-01','2014-02-01'),(62,1,6,13,1,'C','2014-02-01','2014-02-01','I','2014-02-01','2014-02-01'),(63,1,9,1,1,'C','2014-02-01','2014-02-01','I','2014-02-01','2014-02-01'),(64,1,9,3,1,'C','2014-02-01','2014-02-01','I','2014-02-01','2014-02-01'),(65,1,9,13,1,'C','2014-02-01','2014-02-01','I','2014-02-01','2014-02-01'),(66,1,10,1,2,'C','2014-02-01','2014-02-01','I','2014-02-01','2014-02-01'),(67,1,10,3,2,'C','2014-02-01','2014-02-01','I','2014-02-01','2014-02-01'),(68,1,10,2,1,'C','2014-02-01','2014-02-01','I','2014-02-01','2014-02-01'),(69,1,10,5,1,'C','2014-02-01','2014-02-01','I','2014-02-01','2014-02-01'),(70,1,10,13,1,'C','2014-02-01','2014-02-01','I','2014-02-01','2014-02-01'),(71,1,13,1,2,'C','2014-02-01','2014-02-01','I','2014-02-01','2014-02-01'),(72,1,13,3,2,'C','2014-02-01','2014-02-01','I','2014-02-01','2014-02-01'),(73,1,13,5,1,'C','2014-02-01','2014-02-01','I','2014-02-01','2014-02-01'),(74,1,13,13,1,'C','2014-02-01','2014-02-01','I','2014-02-01','2014-02-01'),(75,1,14,1,3,'C','2014-02-01','2014-02-01','I','2014-02-01','2014-02-01'),(76,1,14,3,3,'C','2014-02-01','2014-02-01','I','2014-02-01','2014-02-01'),(77,1,14,5,1,'C','2014-02-01','2014-02-01','I','2014-02-01','2014-02-01'),(78,1,14,2,1,'C','2014-02-01','2014-02-01','I','2014-02-01','2014-02-01'),(79,1,14,13,1,'C','2014-02-01','2014-02-01','I','2014-02-01','2014-02-01'),(80,1,17,2,1,'C','2014-02-01','2014-02-01','I','2014-02-01','2014-02-01'),(81,1,17,12,1,'C','2014-02-01','2014-02-01','I','2014-02-01','2014-02-01'),(82,1,18,1,2,'C','2014-02-01','2014-02-01','I','2014-02-01','2014-02-01'),(83,1,18,6,1,'C','2014-02-01','2014-02-01','I','2014-02-01','2014-02-01'),(84,1,18,12,1,'C','2014-02-01','2014-02-01','I','2014-02-01','2014-02-01'),(85,1,21,1,2,'C','2014-02-01','2014-02-01','I','2014-02-01','2014-02-01'),(86,1,21,12,1,'C','2014-02-01','2014-02-01','I','2014-02-01','2014-02-01'),(87,1,22,1,1,'C','2014-02-01','2014-02-01','I','2014-02-01','2014-02-01'),(88,1,22,4,1,'C','2014-02-01','2014-02-01','I','2014-02-01','2014-02-01'),(89,1,22,12,1,'C','2014-02-01','2014-02-01','I','2014-02-01','2014-02-01'),(90,1,25,12,1,'C','2014-02-01','2014-02-01','I','2014-02-01','2014-02-01'),(91,1,31,2,1,'C','2014-02-01','2014-02-01','I','2014-02-01','2014-02-01'),(92,1,4,19,1,'C','2014-02-01','2014-02-01','I','2014-02-01','2014-02-01'),(93,1,4,1,2,'C','2014-02-01','2014-02-01','I','2014-02-01','2014-02-01'),(94,1,11,19,1,'C','2014-02-01','2014-02-01','I','2014-02-01','2014-02-01'),(95,1,15,19,1,'C','2014-02-01','2014-02-01','I','2014-02-01','2014-02-01'),(96,1,15,1,2,'C','2014-02-01','2014-02-01','I','2014-02-01','2014-02-01'),(97,1,16,1,2,'C','2014-02-01','2014-02-01','I','2014-02-01','2014-02-01'),(98,1,19,19,1,'C','2014-02-01','2014-02-01','I','2014-02-01','2014-02-01'),(99,1,19,1,2,'C','2014-02-01','2014-02-01','I','2014-02-01','2014-02-01'),(100,1,20,1,1,'C','2014-02-01','2014-02-01','I','2014-02-01','2014-02-01'),(101,1,23,1,1,'C','2014-02-01','2014-02-01','I','2014-02-01','2014-02-01'),(102,1,27,1,1,'C','2014-02-01','2014-02-01','I','2014-02-01','2014-02-01'),(103,1,3,19,1,'C','2014-02-01','2014-02-01','I','2014-02-01','2014-02-01'),(104,1,3,17,1,'P','2014-02-01',NULL,'D','2014-02-01','2014-02-01'),(105,1,3,1,2,'C','2014-02-01','2014-02-01','I','2014-02-01','2014-02-01'),(106,1,3,30,1,'P','2014-02-01',NULL,'D','2014-02-01','2014-02-01'),(107,1,3,16,2,'P','2014-02-01',NULL,'D','2014-02-01','2014-02-01'),(108,1,34,30,1,'P','2014-02-01',NULL,'D','2014-02-01','2014-02-01'),(109,1,3,16,1,'P','2014-02-01',NULL,'D','2014-02-01','2014-02-01'),(110,1,50,26,1,'C','2014-02-07','2014-02-07','D','2014-02-07','2014-02-07'),(111,1,50,26,1,'C','2014-02-07','2014-02-07','D','2014-02-07','2014-02-07'),(112,1,50,26,2,'P','2014-02-07',NULL,'I','2014-02-07',NULL);
/*!40000 ALTER TABLE `trn_buttonhole` ENABLE KEYS */;
UNLOCK TABLES;

--
-- Table structure for table `trn_cm`
--

DROP TABLE IF EXISTS `trn_cm`;
/*!40101 SET @saved_cs_client     = @@character_set_client */;
/*!40101 SET character_set_client = utf8 */;
CREATE TABLE `trn_cm` (
  `SL_NO` int(11) NOT NULL AUTO_INCREMENT,
  `GROUP_NO` int(11) NOT NULL,
  `STSL_NO` int(11) NOT NULL,
  `ITEM_NO` int(11) NOT NULL,
  `QTY` int(11) NOT NULL,
  `STATUS` varchar(1) NOT NULL,
  `DATE_GIVEN` date DEFAULT NULL,
  `DATE_RECIEVED` date DEFAULT NULL,
  `FLAG` varchar(2) NOT NULL,
  `DATE_CREATED` date NOT NULL,
  `DATE_UPDATED` date DEFAULT NULL,
  PRIMARY KEY (`SL_NO`),
  KEY `TRN_CM_FK1` (`STSL_NO`),
  KEY `TRN_CM_FK2` (`GROUP_NO`),
  KEY `TRN_CM_FK3` (`ITEM_NO`),
  CONSTRAINT `TRN_CM_FK1` FOREIGN KEY (`STSL_NO`) REFERENCES `mst_student` (`STSL_NO`),
  CONSTRAINT `TRN_CM_FK2` FOREIGN KEY (`GROUP_NO`) REFERENCES `mst_group` (`GROUP_NO`),
  CONSTRAINT `TRN_CM_FK3` FOREIGN KEY (`ITEM_NO`) REFERENCES `mst_item` (`ITEM_NO`)
) ENGINE=InnoDB AUTO_INCREMENT=264 DEFAULT CHARSET=latin1;
/*!40101 SET character_set_client = @saved_cs_client */;

--
-- Dumping data for table `trn_cm`
--

LOCK TABLES `trn_cm` WRITE;
/*!40000 ALTER TABLE `trn_cm` DISABLE KEYS */;
INSERT INTO `trn_cm` VALUES (1,1,1,3,2,'C','2014-01-22','2014-01-23','I','2014-01-22','2014-01-23'),(2,1,2,1,2,'P','2014-01-22',NULL,'I','2014-01-22',NULL),(3,1,2,2,1,'P','2014-01-22',NULL,'I','2014-01-22',NULL),(4,1,2,3,2,'P','2014-01-22',NULL,'I','2014-01-22',NULL),(5,1,2,5,1,'P','2014-01-22',NULL,'I','2014-01-22',NULL),(6,1,2,13,1,'P','2014-01-22',NULL,'I','2014-01-22',NULL),(7,1,2,8,1,'P','2014-01-22',NULL,'I','2014-01-22',NULL),(8,1,2,15,1,'P','2014-01-22',NULL,'I','2014-01-22',NULL),(9,1,2,1,2,'C',NULL,'2014-01-22','I','2014-01-22',NULL),(10,1,2,2,1,'C',NULL,'2014-01-22','I','2014-01-22',NULL),(11,1,2,3,2,'C',NULL,'2014-01-22','I','2014-01-22',NULL),(12,1,2,5,1,'C',NULL,'2014-01-22','I','2014-01-22',NULL),(13,1,2,13,1,'C',NULL,'2014-01-22','I','2014-01-22',NULL),(14,1,2,8,1,'C',NULL,'2014-01-22','I','2014-01-22',NULL),(15,1,2,15,1,'C',NULL,'2014-01-22','I','2014-01-22',NULL),(16,1,1,1,2,'C','2014-01-23','2014-01-23','I','2014-01-23','2014-01-23'),(17,1,1,5,1,'C','2014-01-23','2014-01-23','I','2014-01-23','2014-01-23'),(18,1,1,2,1,'C','2014-01-23','2014-01-23','I','2014-01-23','2014-01-23'),(19,1,1,13,1,'C','2014-01-23','2014-01-23','I','2014-01-23','2014-01-23'),(20,1,5,1,2,'C','2014-01-23','2014-01-23','I','2014-01-23','2014-01-23'),(21,1,5,3,2,'C','2014-01-23','2014-01-23','I','2014-01-23','2014-01-23'),(22,1,5,2,1,'C','2014-01-23','2014-01-23','I','2014-01-23','2014-01-23'),(23,1,5,13,1,'C','2014-01-23','2014-01-23','I','2014-01-23','2014-01-23'),(24,1,6,13,1,'C','2014-01-23','2014-01-23','I','2014-01-23','2014-01-23'),(25,1,9,1,1,'C','2014-01-23','2014-01-23','I','2014-01-23','2014-01-23'),(26,1,9,3,1,'C','2014-01-23','2014-01-23','I','2014-01-23','2014-01-23'),(27,1,9,13,1,'C','2014-01-23','2014-01-23','I','2014-01-23','2014-01-23'),(28,1,10,1,2,'C','2014-01-23','2014-01-23','I','2014-01-23','2014-01-23'),(29,1,10,3,2,'C','2014-01-23','2014-01-23','I','2014-01-23','2014-01-23'),(30,1,10,2,1,'C','2014-01-23','2014-01-23','I','2014-01-23','2014-01-23'),(31,1,10,5,1,'C','2014-01-23','2014-01-23','I','2014-01-23','2014-01-23'),(32,1,10,13,1,'C','2014-01-23','2014-01-23','I','2014-01-23','2014-01-23'),(33,1,10,15,1,'C','2014-01-23','2014-01-23','D','2014-01-23','2014-02-01'),(34,1,10,8,1,'P','2014-01-23',NULL,'I','2014-01-23',NULL),(35,1,13,1,2,'C','2014-01-23','2014-01-31','I','2014-01-23','2014-01-31'),(36,1,13,3,2,'C','2014-01-23','2014-01-31','I','2014-01-23','2014-01-31'),(37,1,13,2,1,'P','2014-01-23',NULL,'I','2014-01-23',NULL),(38,1,13,5,1,'C','2014-01-23','2014-01-31','I','2014-01-23','2014-01-31'),(39,1,13,13,1,'C','2014-01-23','2014-01-31','I','2014-01-23','2014-01-31'),(40,1,14,1,3,'C','2014-01-23','2014-01-31','I','2014-01-23','2014-01-31'),(41,1,14,3,3,'C','2014-01-23','2014-01-31','I','2014-01-23','2014-01-31'),(42,1,14,5,1,'C','2014-01-23','2014-01-31','I','2014-01-23','2014-01-31'),(43,1,14,2,1,'C','2014-01-23','2014-01-31','I','2014-01-23','2014-01-31'),(44,1,14,13,1,'C','2014-01-23','2014-01-31','I','2014-01-23','2014-01-31'),(45,1,17,2,1,'C','2014-01-23','2014-01-31','I','2014-01-23','2014-01-31'),(46,1,17,12,1,'C','2014-01-23','2014-01-31','I','2014-01-23','2014-01-31'),(47,1,18,1,2,'C','2014-01-23','2014-01-31','I','2014-01-23','2014-01-31'),(48,1,18,6,1,'C','2014-01-23','2014-01-31','I','2014-01-23','2014-01-31'),(49,1,18,12,1,'C','2014-01-23','2014-01-31','I','2014-01-23','2014-01-31'),(50,1,22,1,1,'C','2014-01-23','2014-01-31','I','2014-01-23','2014-01-31'),(51,1,22,4,1,'C','2014-01-23','2014-01-31','I','2014-01-23','2014-01-31'),(52,1,22,12,1,'C','2014-01-23','2014-01-31','I','2014-01-23','2014-01-31'),(53,1,25,12,1,'C','2014-01-23','2014-01-31','I','2014-01-23','2014-01-31'),(137,1,26,4,2,'C','2014-01-31','2014-01-31','I','2014-01-31','2014-01-31'),(138,1,26,6,1,'P','2014-01-31',NULL,'I','2014-01-31',NULL),(139,1,26,12,1,'C','2014-01-31','2014-01-31','I','2014-01-31','2014-01-31'),(140,1,31,1,2,'P','2014-01-31',NULL,'I','2014-01-31',NULL),(141,1,31,4,1,'C','2014-01-31','2014-01-31','I','2014-01-31','2014-01-31'),(142,1,31,12,1,'C','2014-01-31','2014-01-31','I','2014-01-31','2014-01-31'),(143,1,31,2,1,'C','2014-01-31','2014-01-31','I','2014-01-31','2014-01-31'),(144,1,21,1,2,'C','2014-01-31','2014-01-31','I','2014-01-31','2014-01-31'),(145,1,21,12,1,'C','2014-01-31','2014-01-31','I','2014-01-31','2014-01-31'),(146,1,29,6,1,'C','2014-01-31','2014-01-31','I','2014-01-31','2014-01-31'),(147,1,29,4,2,'C','2014-01-31','2014-01-31','I','2014-01-31','2014-01-31'),(148,1,29,12,1,'C','2014-01-31','2014-01-31','I','2014-01-31','2014-01-31'),(149,1,66,12,1,'C','2014-01-31','2014-01-31','I','2014-01-31','2014-01-31'),(150,1,32,12,1,'C','2014-01-31','2014-01-31','I','2014-01-31','2014-01-31'),(191,1,3,19,1,'C','2014-02-01','2014-02-01','I','2014-02-01','2014-02-01'),(192,1,3,17,1,'C','2014-02-01','2014-02-01','I','2014-02-01','2014-02-01'),(193,1,3,1,2,'C','2014-02-01','2014-02-01','I','2014-02-01','2014-02-01'),(194,1,3,16,2,'P','2014-02-01',NULL,'D','2014-02-01','2014-02-01'),(195,1,3,30,1,'C','2014-02-01','2014-02-01','I','2014-02-01','2014-02-01'),(196,1,3,16,1,'C','2014-02-01','2014-02-01','I','2014-02-01','2014-02-01'),(197,1,3,16,1,'P','2014-02-01',NULL,'I','2014-02-01',NULL),(198,1,4,17,1,'C','2014-02-01','2014-02-01','I','2014-02-01','2014-02-01'),(199,1,4,19,1,'C','2014-02-01','2014-02-01','I','2014-02-01','2014-02-01'),(200,1,4,1,2,'C','2014-02-01','2014-02-01','I','2014-02-01','2014-02-01'),(201,1,4,16,2,'C','2014-02-01','2014-02-01','I','2014-02-01','2014-02-01'),(202,1,4,30,1,'C','2014-02-01','2014-02-01','I','2014-02-01','2014-02-01'),(203,1,7,30,1,'C','2014-02-01','2014-02-01','I','2014-02-01','2014-02-01'),(204,1,8,30,1,'C','2014-02-01','2014-02-01','I','2014-02-01','2014-02-01'),(205,1,11,17,1,'C','2014-02-01','2014-02-01','I','2014-02-01','2014-02-01'),(206,1,11,19,1,'C','2014-02-01','2014-02-01','I','2014-02-01','2014-02-01'),(207,1,11,1,2,'P','2014-02-01',NULL,'D','2014-02-01','2014-02-01'),(208,1,11,16,2,'C','2014-02-01','2014-02-01','I','2014-02-01','2014-02-01'),(209,1,11,30,1,'C','2014-02-01','2014-02-01','I','2014-02-01','2014-02-01'),(210,1,12,30,1,'C','2014-02-01','2014-02-01','I','2014-02-01','2014-02-01'),(211,1,15,17,1,'C','2014-02-01','2014-02-01','I','2014-02-01','2014-02-01'),(212,1,15,19,1,'C','2014-02-01','2014-02-01','I','2014-02-01','2014-02-01'),(213,1,15,1,2,'C','2014-02-01','2014-02-01','I','2014-02-01','2014-02-01'),(214,1,15,16,2,'C','2014-02-01','2014-02-01','I','2014-02-01','2014-02-01'),(215,1,15,30,1,'P','2014-02-01',NULL,'D','2014-02-01','2014-02-01'),(216,1,15,30,1,'P','2014-02-01',NULL,'I','2014-02-01',NULL),(217,1,16,1,2,'C','2014-02-01','2014-02-01','I','2014-02-01','2014-02-01'),(218,1,16,30,1,'C','2014-02-01','2014-02-01','I','2014-02-01','2014-02-01'),(219,1,19,19,1,'C','2014-02-01','2014-02-01','I','2014-02-01','2014-02-01'),(220,1,19,1,2,'C','2014-02-01','2014-02-01','I','2014-02-01','2014-02-01'),(221,1,19,30,1,'C','2014-02-01','2014-02-01','I','2014-02-01','2014-02-01'),(222,1,20,1,1,'C','2014-02-01','2014-02-01','I','2014-02-01','2014-02-01'),(223,1,20,16,1,'C','2014-02-01','2014-02-01','I','2014-02-01','2014-02-01'),(224,1,20,30,1,'C','2014-02-01','2014-02-01','I','2014-02-01','2014-02-01'),(225,1,23,1,1,'C','2014-02-01','2014-02-01','I','2014-02-01','2014-02-01'),(226,1,23,16,1,'P','2014-02-01',NULL,'I','2014-02-01',NULL),(227,1,23,30,1,'C','2014-02-01','2014-02-01','I','2014-02-01','2014-02-01'),(228,1,24,30,1,'C','2014-02-01','2014-02-01','I','2014-02-01','2014-02-01'),(229,1,24,1,2,'P','2014-02-01',NULL,'I','2014-02-01',NULL),(230,1,27,1,1,'C','2014-02-01','2014-02-01','I','2014-02-01','2014-02-01'),(231,1,27,16,1,'C','2014-02-01','2014-02-01','I','2014-02-01','2014-02-01'),(232,1,27,30,1,'C','2014-02-01','2014-02-01','I','2014-02-01','2014-02-01'),(233,1,28,30,1,'C','2014-02-01','2014-02-01','I','2014-02-01','2014-02-01'),(234,1,30,16,1,'C','2014-02-01','2014-02-01','I','2014-02-01','2014-02-01'),(235,1,30,30,1,'C','2014-02-01','2014-02-01','I','2014-02-01','2014-02-01'),(236,1,67,16,1,'C','2014-02-01','2014-02-01','I','2014-02-01','2014-02-01'),(237,1,67,30,1,'C','2014-02-01','2014-02-01','I','2014-02-01','2014-02-01'),(238,1,33,30,1,'C','2014-02-01','2014-02-01','I','2014-02-01','2014-02-01'),(239,1,34,30,1,'C','2014-02-01','2014-02-01','I','2014-02-01','2014-02-01'),(242,1,35,26,1,'P','2014-02-06',NULL,'I','2014-02-06',NULL),(244,1,35,26,0,'P','2014-02-07',NULL,'D','2014-02-07','2014-02-06'),(246,1,36,26,1,'P','2014-02-06',NULL,'I','2014-02-06',NULL),(247,1,36,3,1,'P','2014-02-06',NULL,'I','2014-02-06',NULL),(248,1,36,5,1,'P','2014-02-06',NULL,'I','2014-02-06',NULL),(251,1,50,26,2,'P','2014-02-06',NULL,'D','2014-02-06','2014-02-07'),(252,1,50,17,1,'P','2014-02-06',NULL,'D','2014-02-06','2014-02-07'),(253,1,50,16,2,'P','2014-02-06',NULL,'D','2014-02-06','2014-02-07'),(254,1,50,26,2,'P','2014-02-06',NULL,'D','2014-02-06','2014-02-07'),(255,1,50,17,1,'P','2014-02-06',NULL,'D','2014-02-06','2014-02-07'),(256,1,50,16,2,'P','2014-02-06',NULL,'D','2014-02-06','2014-02-07'),(257,1,50,26,2,'C','2014-02-06','2014-02-07','I','2014-02-06','2014-02-07'),(258,1,50,17,1,'C','2014-02-06','2014-02-07','I','2014-02-06','2014-02-07'),(259,1,50,16,1,'P','2014-02-06',NULL,'D','2014-02-06','2014-02-07'),(260,1,50,16,1,'P','2014-02-07',NULL,'D','2014-02-07','2014-02-07'),(262,1,50,16,1,'C','2014-02-07','2014-02-07','I','2014-02-07','2014-02-07'),(263,1,50,16,1,'C','2014-02-07','2014-02-07','I','2014-02-07',NULL);
/*!40000 ALTER TABLE `trn_cm` ENABLE KEYS */;
UNLOCK TABLES;

--
-- Table structure for table `trn_ironing`
--

DROP TABLE IF EXISTS `trn_ironing`;
/*!40101 SET @saved_cs_client     = @@character_set_client */;
/*!40101 SET character_set_client = utf8 */;
CREATE TABLE `trn_ironing` (
  `SL_NO` int(11) NOT NULL AUTO_INCREMENT,
  `IRON_NO` int(11) NOT NULL,
  `STSL_NO` int(11) NOT NULL,
  `ITEM_NO` int(11) NOT NULL,
  `QTY` int(11) NOT NULL,
  `STATUS` varchar(1) NOT NULL,
  `DATE_GIVEN` date DEFAULT NULL,
  `DATE_RECIEVED` date DEFAULT NULL,
  `FLAG` varchar(2) NOT NULL,
  `DATE_CREATED` date NOT NULL,
  `DATE_UPDATED` date DEFAULT NULL,
  PRIMARY KEY (`SL_NO`),
  KEY `TRN_IRONING_FK1` (`ITEM_NO`),
  KEY `TRN_IRONING_FK2` (`STSL_NO`),
  KEY `TRN_IRONING_FK3` (`IRON_NO`),
  CONSTRAINT `TRN_IRONING_FK1` FOREIGN KEY (`ITEM_NO`) REFERENCES `mst_item` (`ITEM_NO`),
  CONSTRAINT `TRN_IRONING_FK2` FOREIGN KEY (`STSL_NO`) REFERENCES `mst_student` (`STSL_NO`),
  CONSTRAINT `TRN_IRONING_FK3` FOREIGN KEY (`IRON_NO`) REFERENCES `mst_ironing` (`IRON_NO`)
) ENGINE=InnoDB AUTO_INCREMENT=266 DEFAULT CHARSET=latin1;
/*!40101 SET character_set_client = @saved_cs_client */;

--
-- Dumping data for table `trn_ironing`
--

LOCK TABLES `trn_ironing` WRITE;
/*!40000 ALTER TABLE `trn_ironing` DISABLE KEYS */;
INSERT INTO `trn_ironing` VALUES (139,1,1,3,2,'P','2014-02-01',NULL,'D','2014-02-01','2014-02-01'),(165,1,1,3,2,'C','2014-02-01','2014-02-01','I','2014-02-01','2014-02-01'),(166,1,1,1,2,'C','2014-02-01','2014-02-01','I','2014-02-01','2014-02-01'),(167,1,1,5,1,'C','2014-02-01','2014-02-01','I','2014-02-01','2014-02-01'),(168,1,1,2,1,'C','2014-02-01','2014-02-01','I','2014-02-01','2014-02-01'),(169,1,1,13,1,'C','2014-02-01','2014-02-01','I','2014-02-01','2014-02-01'),(170,1,2,1,2,'C','2014-02-01','2014-02-01','I','2014-02-01','2014-02-01'),(171,1,2,2,1,'C','2014-02-01','2014-02-01','I','2014-02-01','2014-02-01'),(172,1,2,3,2,'C','2014-02-01','2014-02-01','I','2014-02-01','2014-02-01'),(173,1,2,5,1,'C','2014-02-01','2014-02-01','I','2014-02-01','2014-02-01'),(174,1,2,13,1,'C','2014-02-01','2014-02-01','I','2014-02-01','2014-02-01'),(175,1,6,13,1,'C','2014-02-01','2014-02-01','I','2014-02-01','2014-02-01'),(176,1,9,1,1,'C','2014-02-01','2014-02-01','I','2014-02-01','2014-02-01'),(177,1,9,3,1,'C','2014-02-01','2014-02-01','I','2014-02-01','2014-02-01'),(178,1,9,13,1,'C','2014-02-01','2014-02-01','I','2014-02-01','2014-02-01'),(179,1,10,1,2,'C','2014-02-01','2014-02-01','I','2014-02-01','2014-02-01'),(180,1,10,3,2,'C','2014-02-01','2014-02-01','I','2014-02-01','2014-02-01'),(181,1,10,2,1,'C','2014-02-01','2014-02-01','I','2014-02-01','2014-02-01'),(182,1,10,5,1,'C','2014-02-01','2014-02-01','I','2014-02-01','2014-02-01'),(183,1,10,13,1,'C','2014-02-01','2014-02-01','I','2014-02-01','2014-02-01'),(184,1,13,1,2,'C','2014-02-01','2014-02-01','I','2014-02-01','2014-02-01'),(185,1,13,3,2,'C','2014-02-01','2014-02-01','I','2014-02-01','2014-02-01'),(186,1,13,5,1,'C','2014-02-01','2014-02-01','I','2014-02-01','2014-02-01'),(187,1,13,13,1,'C','2014-02-01','2014-02-01','I','2014-02-01','2014-02-01'),(188,1,14,1,3,'C','2014-02-01','2014-02-01','I','2014-02-01','2014-02-01'),(189,1,14,3,3,'C','2014-02-01','2014-02-01','I','2014-02-01','2014-02-01'),(190,1,14,5,1,'C','2014-02-01','2014-02-01','I','2014-02-01','2014-02-01'),(191,1,14,2,1,'C','2014-02-01','2014-02-01','I','2014-02-01','2014-02-01'),(192,1,14,13,1,'C','2014-02-01','2014-02-01','I','2014-02-01','2014-02-01'),(193,1,17,2,1,'C','2014-02-01','2014-02-01','I','2014-02-01','2014-02-01'),(194,1,17,12,1,'C','2014-02-01','2014-02-01','I','2014-02-01','2014-02-01'),(195,1,18,1,2,'C','2014-02-01','2014-02-01','I','2014-02-01','2014-02-01'),(196,1,18,6,1,'C','2014-02-01','2014-02-01','I','2014-02-01','2014-02-01'),(197,1,18,12,1,'C','2014-02-01','2014-02-01','I','2014-02-01','2014-02-01'),(198,1,21,1,2,'C','2014-02-01','2014-02-01','I','2014-02-01','2014-02-01'),(199,1,21,12,1,'C','2014-02-01','2014-02-01','I','2014-02-01','2014-02-01'),(200,1,22,1,1,'C','2014-02-01','2014-02-01','I','2014-02-01','2014-02-01'),(201,1,22,4,1,'C','2014-02-01','2014-02-01','I','2014-02-01','2014-02-01'),(202,1,22,12,1,'C','2014-02-01','2014-02-01','I','2014-02-01','2014-02-01'),(203,1,25,12,1,'C','2014-02-01','2014-02-01','I','2014-02-01','2014-02-01'),(204,1,26,4,2,'C','2014-02-01','2014-02-01','I','2014-02-01','2014-02-01'),(205,1,26,12,1,'C','2014-02-01','2014-02-01','I','2014-02-01','2014-02-01'),(206,1,29,6,1,'C','2014-02-01','2014-02-01','I','2014-02-01','2014-02-01'),(207,1,29,4,2,'C','2014-02-01','2014-02-01','I','2014-02-01','2014-02-01'),(208,1,29,12,1,'C','2014-02-01','2014-02-01','I','2014-02-01','2014-02-01'),(209,1,66,12,1,'C','2014-02-01','2014-02-01','I','2014-02-01','2014-02-01'),(210,1,31,4,1,'C','2014-02-01','2014-02-01','I','2014-02-01','2014-02-01'),(211,1,31,12,1,'C','2014-02-01','2014-02-01','I','2014-02-01','2014-02-01'),(212,1,31,2,1,'C','2014-02-01','2014-02-01','I','2014-02-01','2014-02-01'),(213,1,32,12,1,'C','2014-02-01','2014-02-01','I','2014-02-01','2014-02-01'),(214,1,4,17,1,'C','2014-02-01','2014-02-01','I','2014-02-01','2014-02-01'),(215,1,4,19,1,'C','2014-02-01','2014-02-01','I','2014-02-01','2014-02-01'),(216,1,4,1,2,'C','2014-02-01','2014-02-01','I','2014-02-01','2014-02-01'),(217,1,4,16,2,'C','2014-02-01','2014-02-01','I','2014-02-01','2014-02-01'),(218,1,4,30,1,'C','2014-02-01','2014-02-01','I','2014-02-01','2014-02-01'),(219,1,7,30,1,'C','2014-02-01','2014-02-01','I','2014-02-01','2014-02-01'),(220,1,8,30,1,'C','2014-02-01','2014-02-01','I','2014-02-01','2014-02-01'),(221,1,11,17,1,'P','2014-02-01',NULL,'I','2014-02-01',NULL),(222,1,11,19,1,'P','2014-02-01',NULL,'I','2014-02-01',NULL),(223,1,11,16,2,'P','2014-02-01',NULL,'I','2014-02-01',NULL),(224,1,11,30,1,'P','2014-02-01',NULL,'I','2014-02-01',NULL),(225,1,12,30,1,'C','2014-02-01','2014-02-01','I','2014-02-01','2014-02-01'),(226,1,15,17,1,'C','2014-02-01','2014-02-01','I','2014-02-01','2014-02-01'),(227,1,15,19,1,'C','2014-02-01','2014-02-01','I','2014-02-01','2014-02-01'),(228,1,15,1,2,'C','2014-02-01','2014-02-01','I','2014-02-01','2014-02-01'),(229,1,15,16,2,'C','2014-02-01','2014-02-01','I','2014-02-01','2014-02-01'),(230,1,16,1,2,'C','2014-02-01','2014-02-01','I','2014-02-01','2014-02-01'),(231,1,16,30,1,'C','2014-02-01','2014-02-01','I','2014-02-01','2014-02-01'),(232,1,19,19,1,'C','2014-02-01','2014-02-01','I','2014-02-01','2014-02-01'),(233,1,19,1,2,'C','2014-02-01','2014-02-01','I','2014-02-01','2014-02-01'),(234,1,19,30,1,'C','2014-02-01','2014-02-01','I','2014-02-01','2014-02-01'),(235,1,20,1,1,'C','2014-02-01','2014-02-01','I','2014-02-01','2014-02-01'),(236,1,20,16,1,'C','2014-02-01','2014-02-01','I','2014-02-01','2014-02-01'),(237,1,20,30,1,'C','2014-02-01','2014-02-01','I','2014-02-01','2014-02-01'),(238,1,23,1,1,'C','2014-02-01','2014-02-01','I','2014-02-01','2014-02-01'),(239,1,23,30,1,'C','2014-02-01','2014-02-01','I','2014-02-01','2014-02-01'),(240,1,24,30,1,'C','2014-02-01','2014-02-01','I','2014-02-01','2014-02-01'),(241,1,27,1,1,'C','2014-02-01','2014-02-01','I','2014-02-01','2014-02-01'),(242,1,27,16,1,'C','2014-02-01','2014-02-01','I','2014-02-01','2014-02-01'),(243,1,27,30,1,'C','2014-02-01','2014-02-01','I','2014-02-01','2014-02-01'),(244,1,28,30,1,'C','2014-02-01','2014-02-01','I','2014-02-01','2014-02-01'),(245,1,3,19,1,'C','2014-02-01','2014-02-01','I','2014-02-01','2014-02-01'),(246,1,3,17,1,'C','2014-02-01','2014-02-01','I','2014-02-01','2014-02-01'),(247,1,3,1,2,'C','2014-02-01','2014-02-01','I','2014-02-01','2014-02-01'),(248,1,3,30,1,'C','2014-02-01','2014-02-01','I','2014-02-01','2014-02-01'),(249,1,30,16,1,'C','2014-02-01','2014-02-01','I','2014-02-01','2014-02-01'),(250,1,30,30,1,'C','2014-02-01','2014-02-01','I','2014-02-01','2014-02-01'),(251,1,67,16,1,'C','2014-02-01','2014-02-01','I','2014-02-01','2014-02-01'),(252,1,67,30,1,'C','2014-02-01','2014-02-01','I','2014-02-01','2014-02-01'),(253,1,33,30,1,'C','2014-02-01','2014-02-01','I','2014-02-01','2014-02-01'),(254,1,34,30,1,'C','2014-02-01','2014-02-01','I','2014-02-01','2014-02-01'),(255,1,3,16,1,'C','2014-02-01','2014-02-01','I','2014-02-01','2014-02-01'),(256,1,50,26,2,'P','2014-02-07',NULL,'D','2014-02-07','2014-02-07'),(257,1,50,16,2,'P','2014-02-07',NULL,'D','2014-02-07','2014-02-07'),(258,1,50,17,1,'P','2014-02-07',NULL,'D','2014-02-07','2014-02-07'),(259,1,50,16,1,'C','2014-02-07','2014-02-07','D','2014-02-07','2014-02-07'),(260,1,50,17,1,'C','2014-02-07','2014-02-07','D','2014-02-07','2014-02-07'),(261,1,50,26,1,'C','2014-02-07','2014-02-07','D','2014-02-07','2014-02-07'),(262,1,50,26,1,'C','2014-02-07','2014-02-07','D','2014-02-07','2014-02-07'),(263,1,50,16,1,'C','2014-02-07','2014-02-07','D','2014-02-07','2014-02-07'),(264,1,50,16,1,'C','2014-02-07','2014-02-07','D','2014-02-07','2014-02-07'),(265,1,50,16,1,'P','2014-02-07',NULL,'I','2014-02-07',NULL);
/*!40000 ALTER TABLE `trn_ironing` ENABLE KEYS */;
UNLOCK TABLES;

--
-- Table structure for table `trn_packing_list`
--

DROP TABLE IF EXISTS `trn_packing_list`;
/*!40101 SET @saved_cs_client     = @@character_set_client */;
/*!40101 SET character_set_client = utf8 */;
CREATE TABLE `trn_packing_list` (
  `SL_NO` int(11) NOT NULL AUTO_INCREMENT,
  `STSL_NO` int(11) NOT NULL,
  `MATERIAL_TOTAL` decimal(6,2) NOT NULL,
  `ITEM_TOTAL` decimal(6,2) NOT NULL,
  `GRAND_TOTAL` decimal(6,2) NOT NULL,
  `DELIVERY_DATE` date NOT NULL,
  `FLAG` varchar(2) NOT NULL,
  `DATE_CREATED` date NOT NULL,
  `DATE_UPDATED` date DEFAULT NULL,
  PRIMARY KEY (`SL_NO`),
  KEY `TRN_PACKING_LIST_FK1` (`STSL_NO`),
  CONSTRAINT `TRN_PACKING_LIST_FK1` FOREIGN KEY (`STSL_NO`) REFERENCES `mst_student` (`STSL_NO`)
) ENGINE=InnoDB AUTO_INCREMENT=3 DEFAULT CHARSET=latin1;
/*!40101 SET character_set_client = @saved_cs_client */;

--
-- Dumping data for table `trn_packing_list`
--

LOCK TABLES `trn_packing_list` WRITE;
/*!40000 ALTER TABLE `trn_packing_list` DISABLE KEYS */;
INSERT INTO `trn_packing_list` VALUES (1,2,398.50,960.00,1358.50,'2014-01-22','D','2014-01-22',NULL),(2,2,398.50,960.00,1358.50,'2014-01-22','I','2014-01-22',NULL);
/*!40000 ALTER TABLE `trn_packing_list` ENABLE KEYS */;
UNLOCK TABLES;

--
-- Table structure for table `trn_stitching`
--

DROP TABLE IF EXISTS `trn_stitching`;
/*!40101 SET @saved_cs_client     = @@character_set_client */;
/*!40101 SET character_set_client = utf8 */;
CREATE TABLE `trn_stitching` (
  `SL_NO` int(11) NOT NULL AUTO_INCREMENT,
  `TAILOR_NO` int(11) NOT NULL,
  `STSL_NO` int(11) NOT NULL,
  `ITEM_NO` int(11) NOT NULL,
  `QTY` int(11) NOT NULL,
  `STATUS` varchar(1) NOT NULL,
  `DATE_GIVEN` date DEFAULT NULL,
  `DATE_RECIEVED` date DEFAULT NULL,
  `FLAG` varchar(2) NOT NULL,
  `DATE_CREATED` date NOT NULL,
  `DATE_UPDATED` date DEFAULT NULL,
  PRIMARY KEY (`SL_NO`),
  KEY `TRN_STITCHING_FK1` (`ITEM_NO`),
  KEY `TRN_STITCHING_FK2` (`STSL_NO`),
  KEY `TRN_STITCHING_FK3` (`TAILOR_NO`),
  CONSTRAINT `TRN_STITCHING_FK1` FOREIGN KEY (`ITEM_NO`) REFERENCES `mst_item` (`ITEM_NO`),
  CONSTRAINT `TRN_STITCHING_FK2` FOREIGN KEY (`STSL_NO`) REFERENCES `mst_student` (`STSL_NO`),
  CONSTRAINT `TRN_STITCHING_FK3` FOREIGN KEY (`TAILOR_NO`) REFERENCES `mst_tailor` (`TAILOR_NO`)
) ENGINE=InnoDB AUTO_INCREMENT=175 DEFAULT CHARSET=latin1;
/*!40101 SET character_set_client = @saved_cs_client */;

--
-- Dumping data for table `trn_stitching`
--

LOCK TABLES `trn_stitching` WRITE;
/*!40000 ALTER TABLE `trn_stitching` DISABLE KEYS */;
INSERT INTO `trn_stitching` VALUES (1,1,2,1,2,'C','2014-01-22','2014-02-01','I','2014-01-22','2014-02-01'),(2,2,2,2,1,'C','2014-01-22','2014-02-01','I','2014-01-22','2014-02-01'),(3,1,2,3,2,'C','2014-01-22','2014-02-01','I','2014-01-22','2014-02-01'),(4,1,2,5,1,'C','2014-01-22','2014-02-01','I','2014-01-22','2014-02-01'),(5,2,2,13,1,'C','2014-01-22','2014-02-01','I','2014-01-22','2014-02-01'),(75,1,5,1,2,'C','2014-01-31','2014-01-31','I','2014-01-31','2014-01-31'),(76,1,5,3,2,'P','2014-01-31',NULL,'I','2014-01-31',NULL),(77,1,5,2,1,'C','2014-01-31','2014-01-31','I','2014-01-31','2014-01-31'),(78,1,5,13,1,'C','2014-01-31','2014-01-31','I','2014-01-31','2014-01-31'),(79,1,1,3,2,'P','2014-02-01',NULL,'D','2014-02-01','2014-02-01'),(80,1,1,1,2,'P','2014-02-01',NULL,'D','2014-02-01','2014-02-01'),(81,1,1,3,2,'C','2014-02-01','2014-02-01','I','2014-02-01','2014-02-01'),(82,1,1,1,2,'C','2014-02-01','2014-02-01','I','2014-02-01','2014-02-01'),(83,1,1,5,1,'C','2014-02-01','2014-02-01','I','2014-02-01','2014-02-01'),(84,1,1,2,1,'C','2014-02-01','2014-02-01','I','2014-02-01','2014-02-01'),(85,1,1,13,1,'C','2014-02-01','2014-02-01','I','2014-02-01','2014-02-01'),(86,2,6,13,1,'C','2014-02-01','2014-02-01','I','2014-02-01','2014-02-01'),(87,2,9,1,1,'C','2014-02-01','2014-02-01','I','2014-02-01','2014-02-01'),(88,2,9,3,1,'C','2014-02-01','2014-02-01','I','2014-02-01','2014-02-01'),(89,2,9,13,1,'C','2014-02-01','2014-02-01','I','2014-02-01','2014-02-01'),(90,2,10,1,2,'C','2014-02-01','2014-02-01','I','2014-02-01','2014-02-01'),(91,2,10,3,2,'C','2014-02-01','2014-02-01','I','2014-02-01','2014-02-01'),(92,2,10,2,1,'C','2014-02-01','2014-02-01','I','2014-02-01','2014-02-01'),(93,2,10,5,1,'C','2014-02-01','2014-02-01','I','2014-02-01','2014-02-01'),(94,2,10,13,1,'C','2014-02-01','2014-02-01','I','2014-02-01','2014-02-01'),(95,2,13,1,2,'C','2014-02-01','2014-02-01','I','2014-02-01','2014-02-01'),(96,2,13,3,2,'C','2014-02-01','2014-02-01','I','2014-02-01','2014-02-01'),(97,2,13,5,1,'C','2014-02-01','2014-02-01','I','2014-02-01','2014-02-01'),(98,2,13,13,1,'C','2014-02-01','2014-02-01','I','2014-02-01','2014-02-01'),(99,2,14,1,3,'C','2014-02-01','2014-02-01','I','2014-02-01','2014-02-01'),(100,2,14,3,3,'C','2014-02-01','2014-02-01','I','2014-02-01','2014-02-01'),(101,2,14,5,1,'C','2014-02-01','2014-02-01','I','2014-02-01','2014-02-01'),(102,2,14,2,1,'C','2014-02-01','2014-02-01','I','2014-02-01','2014-02-01'),(103,2,14,13,1,'C','2014-02-01','2014-02-01','I','2014-02-01','2014-02-01'),(104,2,17,2,1,'C','2014-02-01','2014-02-01','I','2014-02-01','2014-02-01'),(105,2,17,12,1,'C','2014-02-01','2014-02-01','I','2014-02-01','2014-02-01'),(106,1,18,1,2,'C','2014-02-01','2014-02-01','I','2014-02-01','2014-02-01'),(107,1,18,6,1,'C','2014-02-01','2014-02-01','I','2014-02-01','2014-02-01'),(108,1,18,12,1,'C','2014-02-01','2014-02-01','I','2014-02-01','2014-02-01'),(109,1,21,1,2,'C','2014-02-01','2014-02-01','I','2014-02-01','2014-02-01'),(110,1,21,12,1,'C','2014-02-01','2014-02-01','I','2014-02-01','2014-02-01'),(111,1,22,1,1,'C','2014-02-01','2014-02-01','I','2014-02-01','2014-02-01'),(112,1,22,4,1,'C','2014-02-01','2014-02-01','I','2014-02-01','2014-02-01'),(113,1,22,12,1,'C','2014-02-01','2014-02-01','I','2014-02-01','2014-02-01'),(114,1,25,12,1,'C','2014-02-01','2014-02-01','I','2014-02-01','2014-02-01'),(115,2,26,4,2,'C','2014-02-01','2014-02-01','I','2014-02-01','2014-02-01'),(116,2,26,12,1,'C','2014-02-01','2014-02-01','I','2014-02-01','2014-02-01'),(117,2,29,6,1,'C','2014-02-01','2014-02-01','I','2014-02-01','2014-02-01'),(118,2,29,4,2,'C','2014-02-01','2014-02-01','I','2014-02-01','2014-02-01'),(119,2,29,12,1,'C','2014-02-01','2014-02-01','I','2014-02-01','2014-02-01'),(120,1,66,12,1,'C','2014-02-01','2014-02-01','I','2014-02-01','2014-02-01'),(121,2,31,4,1,'C','2014-02-01','2014-02-01','I','2014-02-01','2014-02-01'),(122,2,31,12,1,'C','2014-02-01','2014-02-01','I','2014-02-01','2014-02-01'),(123,2,31,2,1,'C','2014-02-01','2014-02-01','I','2014-02-01','2014-02-01'),(124,1,32,12,1,'C','2014-02-01','2014-02-01','I','2014-02-01','2014-02-01'),(125,1,3,19,1,'C','2014-02-01','2014-02-01','I','2014-02-01','2014-02-01'),(126,1,3,17,1,'C','2014-02-01','2014-02-01','I','2014-02-01','2014-02-01'),(127,1,3,1,2,'C','2014-02-01','2014-02-01','I','2014-02-01','2014-02-01'),(128,1,3,30,1,'C','2014-02-01','2014-02-01','I','2014-02-01','2014-02-01'),(129,1,3,16,2,'P','2014-02-01',NULL,'D','2014-02-01','2014-02-01'),(130,1,4,17,1,'C','2014-02-01','2014-02-01','I','2014-02-01','2014-02-01'),(131,1,4,19,1,'C','2014-02-01','2014-02-01','I','2014-02-01','2014-02-01'),(132,1,4,1,2,'C','2014-02-01','2014-02-01','I','2014-02-01','2014-02-01'),(133,1,4,16,2,'C','2014-02-01','2014-02-01','I','2014-02-01','2014-02-01'),(134,1,4,30,1,'C','2014-02-01','2014-02-01','I','2014-02-01','2014-02-01'),(135,1,7,30,1,'C','2014-02-01','2014-02-01','I','2014-02-01','2014-02-01'),(136,1,8,30,1,'C','2014-02-01','2014-02-01','I','2014-02-01','2014-02-01'),(137,1,11,17,1,'C','2014-02-01','2014-02-01','I','2014-02-01','2014-02-01'),(138,1,11,19,1,'C','2014-02-01','2014-02-01','I','2014-02-01','2014-02-01'),(139,1,11,16,2,'C','2014-02-01','2014-02-01','I','2014-02-01','2014-02-01'),(140,1,11,30,1,'C','2014-02-01','2014-02-01','I','2014-02-01','2014-02-01'),(141,2,12,30,1,'C','2014-02-01','2014-02-01','I','2014-02-01','2014-02-01'),(142,2,15,17,1,'C','2014-02-01','2014-02-01','I','2014-02-01','2014-02-01'),(143,2,15,19,1,'C','2014-02-01','2014-02-01','I','2014-02-01','2014-02-01'),(144,2,15,1,2,'C','2014-02-01','2014-02-01','I','2014-02-01','2014-02-01'),(145,2,15,16,2,'C','2014-02-01','2014-02-01','I','2014-02-01','2014-02-01'),(146,2,16,1,2,'C','2014-02-01','2014-02-01','I','2014-02-01','2014-02-01'),(147,2,16,30,1,'C','2014-02-01','2014-02-01','I','2014-02-01','2014-02-01'),(148,2,19,19,1,'C','2014-02-01','2014-02-01','I','2014-02-01','2014-02-01'),(149,2,19,1,2,'C','2014-02-01','2014-02-01','I','2014-02-01','2014-02-01'),(150,2,19,30,1,'C','2014-02-01','2014-02-01','I','2014-02-01','2014-02-01'),(151,2,20,1,1,'C','2014-02-01','2014-02-01','I','2014-02-01','2014-02-01'),(152,2,20,16,1,'C','2014-02-01','2014-02-01','I','2014-02-01','2014-02-01'),(153,2,20,30,1,'C','2014-02-01','2014-02-01','I','2014-02-01','2014-02-01'),(154,1,23,1,1,'C','2014-02-01','2014-02-01','I','2014-02-01','2014-02-01'),(155,1,23,30,1,'C','2014-02-01','2014-02-01','I','2014-02-01','2014-02-01'),(156,1,3,16,2,'P','2014-02-01',NULL,'D','2014-02-01','2014-02-01'),(157,2,24,30,1,'C','2014-02-01','2014-02-01','I','2014-02-01','2014-02-01'),(158,2,27,1,1,'C','2014-02-01','2014-02-01','I','2014-02-01','2014-02-01'),(159,2,27,16,1,'C','2014-02-01','2014-02-01','I','2014-02-01','2014-02-01'),(160,2,27,30,1,'C','2014-02-01','2014-02-01','I','2014-02-01','2014-02-01'),(161,1,28,30,1,'C','2014-02-01','2014-02-01','I','2014-02-01','2014-02-01'),(162,1,3,16,1,'P','2014-02-01',NULL,'D','2014-02-01','2014-02-01'),(163,1,3,16,1,'C','2014-02-01','2014-02-01','I','2014-02-01','2014-02-01'),(164,1,30,16,1,'C','2014-02-01','2014-02-01','I','2014-02-01','2014-02-01'),(165,1,30,30,1,'C','2014-02-01','2014-02-01','I','2014-02-01','2014-02-01'),(166,1,67,16,1,'C','2014-02-01','2014-02-01','I','2014-02-01','2014-02-01'),(167,1,67,30,1,'C','2014-02-01','2014-02-01','I','2014-02-01','2014-02-01'),(168,1,33,30,1,'C','2014-02-01','2014-02-01','I','2014-02-01','2014-02-01'),(169,1,34,30,1,'C','2014-02-01','2014-02-01','I','2014-02-01','2014-02-01'),(170,1,50,26,1,'C','2014-02-07','2014-02-07','I','2014-02-07','2014-02-07'),(171,2,50,16,1,'C','2014-02-07','2014-02-07','I','2014-02-07','2014-02-07'),(172,1,50,16,1,'P','2014-02-07',NULL,'I','2014-02-07','2014-02-07'),(173,1,50,17,1,'P','2014-02-07',NULL,'I','2014-02-07','2014-02-07'),(174,1,50,26,1,'C','2014-02-07','2014-02-07','I','2014-02-07',NULL);
/*!40000 ALTER TABLE `trn_stitching` ENABLE KEYS */;
UNLOCK TABLES;
/*!40103 SET TIME_ZONE=@OLD_TIME_ZONE */;

/*!40101 SET SQL_MODE=@OLD_SQL_MODE */;
/*!40014 SET FOREIGN_KEY_CHECKS=@OLD_FOREIGN_KEY_CHECKS */;
/*!40014 SET UNIQUE_CHECKS=@OLD_UNIQUE_CHECKS */;
/*!40101 SET CHARACTER_SET_CLIENT=@OLD_CHARACTER_SET_CLIENT */;
/*!40101 SET CHARACTER_SET_RESULTS=@OLD_CHARACTER_SET_RESULTS */;
/*!40101 SET COLLATION_CONNECTION=@OLD_COLLATION_CONNECTION */;
/*!40111 SET SQL_NOTES=@OLD_SQL_NOTES */;

-- Dump completed on 2014-02-13 17:48:50
