-- MySQL dump 10.13  Distrib 5.5.30, for Win32 (x86)
--
-- Host: localhost    Database: rose
-- ------------------------------------------------------
-- Server version	5.5.30

/*!40101 SET @OLD_CHARACTER_SET_CLIENT=@@CHARACTER_SET_CLIENT */;
/*!40101 SET @OLD_CHARACTER_SET_RESULTS=@@CHARACTER_SET_RESULTS */;
/*!40101 SET @OLD_COLLATION_CONNECTION=@@COLLATION_CONNECTION */;
/*!40101 SET NAMES utf8 */;
/*!40103 SET @OLD_TIME_ZONE=@@TIME_ZONE */;
/*!40103 SET TIME_ZONE='+00:00' */;
/*!40014 SET @OLD_UNIQUE_CHECKS=@@UNIQUE_CHECKS, UNIQUE_CHECKS=0 */;
/*!40014 SET @OLD_FOREIGN_KEY_CHECKS=@@FOREIGN_KEY_CHECKS, FOREIGN_KEY_CHECKS=0 */;
/*!40101 SET @OLD_SQL_MODE=@@SQL_MODE, SQL_MODE='NO_AUTO_VALUE_ON_ZERO' */;
/*!40111 SET @OLD_SQL_NOTES=@@SQL_NOTES, SQL_NOTES=0 */;

--
-- Table structure for table `mst_buttonhole`
--

DROP TABLE IF EXISTS `mst_buttonhole`;
/*!40101 SET @saved_cs_client     = @@character_set_client */;
/*!40101 SET character_set_client = utf8 */;
CREATE TABLE `mst_buttonhole` (
  `BH_NO` int(11) NOT NULL AUTO_INCREMENT,
  `BH_MASTER_NAME` varchar(30) DEFAULT NULL,
  `FLAG` varchar(2) NOT NULL,
  `DATE_CREATED` date DEFAULT NULL,
  `DATE_UPDATED` date DEFAULT NULL,
  PRIMARY KEY (`BH_NO`)
) ENGINE=InnoDB AUTO_INCREMENT=2 DEFAULT CHARSET=latin1;
/*!40101 SET character_set_client = @saved_cs_client */;

--
-- Dumping data for table `mst_buttonhole`
--

LOCK TABLES `mst_buttonhole` WRITE;
/*!40000 ALTER TABLE `mst_buttonhole` DISABLE KEYS */;
INSERT INTO `mst_buttonhole` VALUES (1,'IQUBAL','I','2014-02-14',NULL);
/*!40000 ALTER TABLE `mst_buttonhole` ENABLE KEYS */;
UNLOCK TABLES;

--
-- Table structure for table `mst_category`
--

DROP TABLE IF EXISTS `mst_category`;
/*!40101 SET @saved_cs_client     = @@character_set_client */;
/*!40101 SET character_set_client = utf8 */;
CREATE TABLE `mst_category` (
  `CAT_ID` int(11) NOT NULL AUTO_INCREMENT,
  `CAT_NAME` varchar(15) NOT NULL,
  `EXCLUDED` tinyint(1) NOT NULL,
  `FLAG` varchar(2) NOT NULL,
  `DATE_CREATED` date NOT NULL,
  `DATE_UPDATED` date DEFAULT NULL,
  PRIMARY KEY (`CAT_ID`)
) ENGINE=InnoDB AUTO_INCREMENT=9 DEFAULT CHARSET=latin1;
/*!40101 SET character_set_client = @saved_cs_client */;

--
-- Dumping data for table `mst_category`
--

LOCK TABLES `mst_category` WRITE;
/*!40000 ALTER TABLE `mst_category` DISABLE KEYS */;
INSERT INTO `mst_category` VALUES (1,'SHIRT',0,'I','2014-02-01',NULL),(2,'SHORTS',0,'I','2014-02-01',NULL),(3,'PANTS',0,'I','2014-02-01',NULL),(4,'COAT',0,'I','2014-02-01',NULL),(5,'TIE',1,'I','2014-02-01',NULL),(6,'SKIRT',0,'I','2014-02-01',NULL),(7,'PINNAFORE',0,'I','2014-02-01',NULL),(8,'BELT',1,'I','2014-02-01',NULL);
/*!40000 ALTER TABLE `mst_category` ENABLE KEYS */;
UNLOCK TABLES;

--
-- Table structure for table `mst_class`
--

DROP TABLE IF EXISTS `mst_class`;
/*!40101 SET @saved_cs_client     = @@character_set_client */;
/*!40101 SET character_set_client = utf8 */;
CREATE TABLE `mst_class` (
  `CLASS_NO` int(11) NOT NULL AUTO_INCREMENT,
  `CLASS` varchar(15) NOT NULL,
  `FLAG` varchar(2) NOT NULL,
  `DATE_CREATED` date NOT NULL,
  `DATE_UPDATED` date DEFAULT NULL,
  PRIMARY KEY (`CLASS_NO`)
) ENGINE=InnoDB AUTO_INCREMENT=15 DEFAULT CHARSET=latin1;
/*!40101 SET character_set_client = @saved_cs_client */;

--
-- Dumping data for table `mst_class`
--

LOCK TABLES `mst_class` WRITE;
/*!40000 ALTER TABLE `mst_class` DISABLE KEYS */;
INSERT INTO `mst_class` VALUES (1,'1','I','2014-01-21',NULL),(2,'2','I','2014-01-21',NULL),(3,'3','I','2014-01-21',NULL),(4,'4','I','2014-01-21',NULL),(5,'5','I','2014-01-21',NULL),(6,'6','I','2014-01-21',NULL),(7,'7','I','2014-01-21',NULL),(8,'8','I','2014-01-21',NULL),(9,'9','I','2014-01-21',NULL),(10,'10','I','2014-01-21',NULL),(11,'11','I','2014-01-21',NULL),(12,'12','I','2014-01-21',NULL),(13,'0','I','2014-02-08',NULL),(14,'-1','I','2014-02-08',NULL);
/*!40000 ALTER TABLE `mst_class` ENABLE KEYS */;
UNLOCK TABLES;

--
-- Table structure for table `mst_expense`
--

DROP TABLE IF EXISTS `mst_expense`;
/*!40101 SET @saved_cs_client     = @@character_set_client */;
/*!40101 SET character_set_client = utf8 */;
CREATE TABLE `mst_expense` (
  `SL_NO` int(11) NOT NULL AUTO_INCREMENT,
  `EXPENSE` varchar(30) NOT NULL,
  `AMOUNT` decimal(8,2) NOT NULL,
  `EXPENSE_DATE` date NOT NULL,
  `FLAG` varchar(2) NOT NULL,
  `DATE_CREATED` date NOT NULL,
  `DATE_UPDATED` date DEFAULT NULL,
  PRIMARY KEY (`SL_NO`)
) ENGINE=InnoDB AUTO_INCREMENT=2 DEFAULT CHARSET=latin1;
/*!40101 SET character_set_client = @saved_cs_client */;

--
-- Dumping data for table `mst_expense`
--

LOCK TABLES `mst_expense` WRITE;
/*!40000 ALTER TABLE `mst_expense` DISABLE KEYS */;
INSERT INTO `mst_expense` VALUES (1,'EXP 1',100.00,'2014-02-10','D','2014-02-10','2014-02-10');
/*!40000 ALTER TABLE `mst_expense` ENABLE KEYS */;
UNLOCK TABLES;

--
-- Table structure for table `mst_fixed_mat_exp`
--

DROP TABLE IF EXISTS `mst_fixed_mat_exp`;
/*!40101 SET @saved_cs_client     = @@character_set_client */;
/*!40101 SET character_set_client = utf8 */;
CREATE TABLE `mst_fixed_mat_exp` (
  `SL_NO` int(11) NOT NULL AUTO_INCREMENT,
  `SCHOOL_NO` int(11) NOT NULL,
  `CLASS_NO` int(11) NOT NULL,
  `ITEM_NO` int(11) NOT NULL,
  `MATERIAL_NO` int(11) NOT NULL,
  `FIXED_MAT_LENGTH` decimal(5,2) NOT NULL,
  `FLAG` varchar(2) NOT NULL,
  `DATE_CREATED` date NOT NULL,
  `DATE_UPDATED` date DEFAULT NULL,
  PRIMARY KEY (`SL_NO`),
  KEY `MST_FIXED_MAT_EXP_FK1` (`SCHOOL_NO`),
  KEY `MST_FIXED_MAT_EXP_FK2` (`MATERIAL_NO`),
  KEY `MST_FIXED_MAT_EXP_FK3` (`ITEM_NO`),
  CONSTRAINT `MST_FIXED_MAT_EXP_FK1` FOREIGN KEY (`SCHOOL_NO`) REFERENCES `mst_school` (`SCHOOL_NO`),
  CONSTRAINT `MST_FIXED_MAT_EXP_FK2` FOREIGN KEY (`MATERIAL_NO`) REFERENCES `mst_material` (`MATERIAL_NO`),
  CONSTRAINT `MST_FIXED_MAT_EXP_FK3` FOREIGN KEY (`ITEM_NO`) REFERENCES `mst_item` (`ITEM_NO`)
) ENGINE=InnoDB DEFAULT CHARSET=latin1;
/*!40101 SET character_set_client = @saved_cs_client */;

--
-- Dumping data for table `mst_fixed_mat_exp`
--

LOCK TABLES `mst_fixed_mat_exp` WRITE;
/*!40000 ALTER TABLE `mst_fixed_mat_exp` DISABLE KEYS */;
/*!40000 ALTER TABLE `mst_fixed_mat_exp` ENABLE KEYS */;
UNLOCK TABLES;

--
-- Table structure for table `mst_group`
--

DROP TABLE IF EXISTS `mst_group`;
/*!40101 SET @saved_cs_client     = @@character_set_client */;
/*!40101 SET character_set_client = utf8 */;
CREATE TABLE `mst_group` (
  `GROUP_NO` int(11) NOT NULL AUTO_INCREMENT,
  `CUTTING_MASTER` varchar(30) DEFAULT NULL,
  `FLAG` varchar(2) NOT NULL,
  `DATE_CREATED` date DEFAULT NULL,
  `DATE_UPDATED` date DEFAULT NULL,
  PRIMARY KEY (`GROUP_NO`)
) ENGINE=InnoDB AUTO_INCREMENT=2 DEFAULT CHARSET=latin1;
/*!40101 SET character_set_client = @saved_cs_client */;

--
-- Dumping data for table `mst_group`
--

LOCK TABLES `mst_group` WRITE;
/*!40000 ALTER TABLE `mst_group` DISABLE KEYS */;
INSERT INTO `mst_group` VALUES (1,'murughan','I','2014-02-11',NULL);
/*!40000 ALTER TABLE `mst_group` ENABLE KEYS */;
UNLOCK TABLES;

--
-- Table structure for table `mst_ironing`
--

DROP TABLE IF EXISTS `mst_ironing`;
/*!40101 SET @saved_cs_client     = @@character_set_client */;
/*!40101 SET character_set_client = utf8 */;
CREATE TABLE `mst_ironing` (
  `IRON_NO` int(11) NOT NULL AUTO_INCREMENT,
  `IRON_NAME` varchar(30) DEFAULT NULL,
  `FLAG` varchar(2) NOT NULL,
  `DATE_CREATED` date DEFAULT NULL,
  `DATE_UPDATED` date DEFAULT NULL,
  PRIMARY KEY (`IRON_NO`)
) ENGINE=InnoDB AUTO_INCREMENT=2 DEFAULT CHARSET=latin1;
/*!40101 SET character_set_client = @saved_cs_client */;

--
-- Dumping data for table `mst_ironing`
--

LOCK TABLES `mst_ironing` WRITE;
/*!40000 ALTER TABLE `mst_ironing` DISABLE KEYS */;
INSERT INTO `mst_ironing` VALUES (1,'MOHAN','I','2014-02-14',NULL);
/*!40000 ALTER TABLE `mst_ironing` ENABLE KEYS */;
UNLOCK TABLES;

--
-- Table structure for table `mst_item`
--

DROP TABLE IF EXISTS `mst_item`;
/*!40101 SET @saved_cs_client     = @@character_set_client */;
/*!40101 SET character_set_client = utf8 */;
CREATE TABLE `mst_item` (
  `ITEM_NO` int(11) NOT NULL AUTO_INCREMENT,
  `ITEM_NAME` varchar(30) NOT NULL,
  `FLAG` varchar(2) NOT NULL,
  `DATE_CREATED` date NOT NULL,
  `DATE_UPDATED` date DEFAULT NULL,
  `CAT_ID` int(11) NOT NULL,
  `GENDER` varchar(6) NOT NULL,
  `BUTTONHOLE` tinyint(1) NOT NULL,
  PRIMARY KEY (`ITEM_NO`),
  KEY `MST_ITEM_FK1` (`CAT_ID`),
  CONSTRAINT `MST_ITEM_FK1` FOREIGN KEY (`CAT_ID`) REFERENCES `mst_category` (`CAT_ID`)
) ENGINE=InnoDB AUTO_INCREMENT=120 DEFAULT CHARSET=latin1;
/*!40101 SET character_set_client = @saved_cs_client */;

--
-- Dumping data for table `mst_item`
--

LOCK TABLES `mst_item` WRITE;
/*!40000 ALTER TABLE `mst_item` DISABLE KEYS */;
INSERT INTO `mst_item` VALUES (76,'PINK   SHORTS','I','2014-02-08',NULL,2,'Male',0),(77,'PATTERN PNK CHK SHIRT','U','2014-02-08','2014-02-15',1,'Male',1),(78,'WHITE SHORTS','U','2014-02-08','2014-02-10',2,'Male',0),(79,'GR SHORTS','U','2014-02-08','2014-02-10',2,'Male',0),(80,'GR  PANTS','I','2014-02-08',NULL,3,'Male',0),(81,'PEAL NAVY BLUE  PANT','I','2014-02-08',NULL,3,'Common',0),(82,'WHITE N BLUE STRIPE','I','2014-02-08',NULL,1,'Common',1),(83,'BR  SHORTS','U','2014-02-08','2014-02-10',2,'Male',1),(84,'BR  PANTS','U','2014-02-08','2014-02-10',3,'Male',0),(85,'PINK  PINNAFORE (+BELT)','U','2014-02-08','2014-02-11',7,'Female',0),(86,'PNK  CHK  SHIRT','U','2014-02-08','2014-02-08',1,'Female',1),(87,'WHITE SKIRT','U','2014-02-08','2014-02-10',6,'Female',0),(88,'GREEN CHK PINNAFORE','U','2014-02-08','2014-02-10',7,'Female',0),(89,'BROWN PINNAFORE','U','2014-02-08','2014-02-10',7,'Female',0),(90,'BROWN STRIPE TOP','U','2014-02-08','2014-02-10',1,'Female',1),(91,'BROWN STRIPE SHIRT','U','2014-02-08','2014-02-10',1,'Male',1),(92,'OFF WHITE TOP','U','2014-02-08','2014-02-10',1,'Female',1),(93,'OFF WHITE SHIRT','U','2014-02-08','2014-02-10',1,'Male',1),(94,'COAT','I','2014-02-08',NULL,4,'Female',1),(95,'WHITE PANT','U','2014-02-08','2014-02-10',3,'Male',0),(96,'GREEN TIE','U','2014-02-08','2014-02-10',5,'Common',0),(97,'BROWN TIE','U','2014-02-08','2014-02-10',5,'Common',0),(98,'LP STRIPE SHIRT','U','2014-02-11','2014-02-11',1,'Common',1),(99,'LP NAVY BLUE SHORTS','U','2014-02-11','2014-02-11',2,'Male',0),(100,'LP WHITE SHIRT','U','2014-02-11','2014-02-11',1,'Common',1),(101,'LP WHITE SHORTS','I','2014-02-11',NULL,2,'Male',0),(102,'UP STRIPE SHIRT','U','2014-02-11','2014-02-11',1,'Common',1),(103,'UP NAVY BLUE PANT','I','2014-02-11',NULL,3,'Male',0),(104,'UP WHITE SHIRT','U','2014-02-11','2014-02-11',1,'Common',1),(105,'UP WHITE PANT','I','2014-02-11',NULL,3,'Male',0),(106,'HS STRIPE SHIRT','U','2014-02-11','2014-02-11',1,'Common',1),(107,'HS NAVY BLUE PANT','I','2014-02-11',NULL,3,'Male',0),(108,'HS WHITE SHIRT','U','2014-02-11','2014-02-11',1,'Common',1),(109,'HS WHITE PANT','I','2014-02-11',NULL,3,'Male',0),(110,'HSS LIGHT BLUE SHIRT','U','2014-02-11','2014-02-11',1,'Common',1),(111,'HSS NAVY BLUE PANT','I','2014-02-11',NULL,3,'Male',0),(112,'LP NAVY  BLUE PINNAFORE','I','2014-02-11',NULL,7,'Female',1),(113,'LP WHITE PINNAFORE','I','2014-02-11',NULL,7,'Female',1),(114,'UP NAVY BLUE PINNAFORE','I','2014-02-11',NULL,7,'Female',1),(115,'UP WHITE PINNAFORE','I','2014-02-11',NULL,7,'Female',1),(116,'HS NAVY BLUE SKIRT','U','2014-02-11','2014-02-11',6,'Female',0),(117,'HS NAVY BLUE COAT','I','2014-02-11',NULL,4,'Female',1),(118,'HS WHITE SKIRT','U','2014-02-11','2014-02-11',6,'Female',0),(119,'HSS NAVY BLUE COAT','I','2014-02-11',NULL,4,'Female',1);
/*!40000 ALTER TABLE `mst_item` ENABLE KEYS */;
UNLOCK TABLES;

--
-- Table structure for table `mst_item_detail`
--

DROP TABLE IF EXISTS `mst_item_detail`;
/*!40101 SET @saved_cs_client     = @@character_set_client */;
/*!40101 SET character_set_client = utf8 */;
CREATE TABLE `mst_item_detail` (
  `SL_NO` int(11) NOT NULL AUTO_INCREMENT,
  `ITEM_NO` int(11) NOT NULL,
  `YEAR` int(11) NOT NULL,
  `CUTTING_CHARGE` decimal(5,2) DEFAULT NULL,
  `STITCHING_CHARGE` decimal(5,2) DEFAULT NULL,
  `BUTTON_CHARGE` decimal(5,2) DEFAULT NULL,
  `IRONING_CHARGE` decimal(5,2) DEFAULT NULL,
  `PACKING_CHARGE` decimal(5,2) DEFAULT NULL,
  `MATERIAL_EXTRA` decimal(5,2) DEFAULT NULL,
  `FLAG` varchar(2) NOT NULL,
  `DATE_CREATED` date NOT NULL,
  `DATE_UPDATED` date DEFAULT NULL,
  PRIMARY KEY (`SL_NO`),
  KEY `MST_ITEM_DETAIL_PRICE_FK1` (`ITEM_NO`),
  CONSTRAINT `MST_ITEM_DETAIL_PRICE_FK1` FOREIGN KEY (`ITEM_NO`) REFERENCES `mst_item` (`ITEM_NO`)
) ENGINE=InnoDB AUTO_INCREMENT=108 DEFAULT CHARSET=latin1;
/*!40101 SET character_set_client = @saved_cs_client */;

--
-- Dumping data for table `mst_item_detail`
--

LOCK TABLES `mst_item_detail` WRITE;
/*!40000 ALTER TABLE `mst_item_detail` DISABLE KEYS */;
INSERT INTO `mst_item_detail` VALUES (64,76,2014,11.00,38.00,0.00,7.00,5.00,32.00,'I','2014-02-08',NULL),(65,77,2014,11.00,27.00,7.00,7.00,5.00,10.00,'U','2014-02-08','2014-02-15'),(66,78,2014,11.00,38.00,0.00,7.00,5.00,20.00,'U','2014-02-08','2014-02-10'),(67,79,2014,11.00,38.00,0.00,7.00,5.00,20.00,'U','2014-02-08','2014-02-10'),(68,80,2014,11.00,55.00,0.00,7.00,5.00,20.00,'I','2014-02-08',NULL),(69,81,2014,11.00,55.00,0.00,7.00,5.00,32.00,'I','2014-02-08',NULL),(70,82,2014,11.00,29.00,7.00,7.00,5.00,10.00,'I','2014-02-08',NULL),(71,83,2014,11.00,38.00,0.00,7.00,5.00,20.00,'U','2014-02-08','2014-02-10'),(72,84,2014,11.00,55.00,0.00,7.00,5.00,32.00,'U','2014-02-08','2014-02-10'),(73,85,2014,11.00,29.00,0.00,7.00,5.00,36.00,'U','2014-02-08','2014-02-11'),(74,86,2014,11.00,23.00,7.00,7.00,5.00,10.00,'U','2014-02-08','2014-02-08'),(75,87,2014,11.00,22.00,0.00,7.00,5.00,10.00,'U','2014-02-08','2014-02-10'),(76,88,2014,11.00,29.00,0.00,7.00,5.00,6.00,'U','2014-02-08','2014-02-10'),(77,89,2014,11.00,29.00,0.00,7.00,5.00,6.00,'U','2014-02-08','2014-02-10'),(78,90,2014,11.00,29.00,7.00,7.00,5.00,6.00,'U','2014-02-08','2014-02-10'),(79,91,2014,11.00,25.00,7.00,7.00,5.00,6.00,'U','2014-02-08','2014-02-10'),(80,92,2014,11.00,29.00,7.00,7.00,5.00,6.00,'U','2014-02-08','2014-02-10'),(81,93,2014,11.00,25.00,7.00,7.00,5.00,6.00,'U','2014-02-08','2014-02-10'),(82,94,2014,11.00,25.00,8.00,7.00,5.00,5.00,'I','2014-02-08',NULL),(83,95,2014,11.00,55.00,0.00,7.00,5.00,20.00,'U','2014-02-08','2014-02-10'),(84,96,2014,0.00,0.00,0.00,0.00,0.00,28.00,'U','2014-02-08','2014-02-10'),(85,97,2014,0.00,0.00,0.00,0.00,0.00,28.00,'U','2014-02-08','2014-02-10'),(86,98,2014,11.00,25.00,7.00,7.00,5.00,10.00,'U','2014-02-11','2014-02-11'),(87,99,2014,11.00,38.00,0.00,7.00,5.00,20.00,'U','2014-02-11','2014-02-11'),(88,100,2014,11.00,25.00,7.00,7.00,5.00,10.00,'U','2014-02-11','2014-02-11'),(89,101,2014,11.00,38.00,0.00,7.00,5.00,20.00,'I','2014-02-11',NULL),(90,102,2014,11.00,25.00,7.00,7.00,5.00,5.00,'U','2014-02-11','2014-02-11'),(91,103,2014,11.00,55.00,0.00,7.00,5.00,20.00,'I','2014-02-11',NULL),(92,104,2014,11.00,25.00,7.00,7.00,5.00,10.00,'U','2014-02-11','2014-02-11'),(93,105,2014,11.00,55.00,0.00,7.00,5.00,20.00,'I','2014-02-11',NULL),(94,106,2014,11.00,25.00,7.00,7.00,5.00,10.00,'U','2014-02-11','2014-02-11'),(95,107,2014,11.00,55.00,0.00,7.00,5.00,20.00,'I','2014-02-11',NULL),(96,108,2014,11.00,25.00,7.00,7.00,5.00,10.00,'U','2014-02-11','2014-02-11'),(97,109,2014,11.00,55.00,0.00,7.00,5.00,20.00,'I','2014-02-11',NULL),(98,110,2014,11.00,25.00,7.00,7.00,5.00,10.00,'U','2014-02-11','2014-02-11'),(99,111,2014,11.00,55.00,0.00,7.00,5.00,20.00,'I','2014-02-11',NULL),(100,112,2014,11.00,29.00,7.00,7.00,5.00,10.00,'I','2014-02-11',NULL),(101,113,2014,11.00,29.00,7.00,7.00,5.00,10.00,'I','2014-02-11',NULL),(102,114,2014,11.00,29.00,7.00,7.00,5.00,10.00,'I','2014-02-11',NULL),(103,115,2014,11.00,29.00,7.00,7.00,5.00,10.00,'I','2014-02-11',NULL),(104,116,2014,11.00,22.00,0.00,7.00,5.00,10.00,'U','2014-02-11','2014-02-11'),(105,117,2014,11.00,25.00,7.00,7.00,5.00,10.00,'I','2014-02-11',NULL),(106,118,2014,11.00,22.00,0.00,7.00,7.00,10.00,'U','2014-02-11','2014-02-11'),(107,119,2014,11.00,25.00,7.00,7.00,5.00,10.00,'I','2014-02-11',NULL);
/*!40000 ALTER TABLE `mst_item_detail` ENABLE KEYS */;
UNLOCK TABLES;

--
-- Table structure for table `mst_login`
--

DROP TABLE IF EXISTS `mst_login`;
/*!40101 SET @saved_cs_client     = @@character_set_client */;
/*!40101 SET character_set_client = utf8 */;
CREATE TABLE `mst_login` (
  `PASSWORD` varchar(15) NOT NULL,
  `ACCESS` varchar(4) NOT NULL
) ENGINE=InnoDB DEFAULT CHARSET=latin1;
/*!40101 SET character_set_client = @saved_cs_client */;

--
-- Dumping data for table `mst_login`
--

LOCK TABLES `mst_login` WRITE;
/*!40000 ALTER TABLE `mst_login` DISABLE KEYS */;
INSERT INTO `mst_login` VALUES ('1234','Tran'),('sabu','Main');
/*!40000 ALTER TABLE `mst_login` ENABLE KEYS */;
UNLOCK TABLES;

--
-- Table structure for table `mst_material`
--

DROP TABLE IF EXISTS `mst_material`;
/*!40101 SET @saved_cs_client     = @@character_set_client */;
/*!40101 SET character_set_client = utf8 */;
CREATE TABLE `mst_material` (
  `MATERIAL_NO` int(11) NOT NULL AUTO_INCREMENT,
  `MATERIAL_NAME` varchar(30) NOT NULL,
  `MATERIAL_TYPE` varchar(8) NOT NULL,
  `WIDTH` int(3) NOT NULL,
  `COST_PRICE` int(5) NOT NULL,
  `PURCHASED_ON` date NOT NULL,
  `LENGTH` decimal(6,2) NOT NULL,
  `FLAG` varchar(2) NOT NULL,
  `DATE_CREATED` date DEFAULT NULL,
  `DATE_UPDATED` date DEFAULT NULL,
  PRIMARY KEY (`MATERIAL_NO`)
) ENGINE=InnoDB AUTO_INCREMENT=29 DEFAULT CHARSET=latin1;
/*!40101 SET character_set_client = @saved_cs_client */;

--
-- Dumping data for table `mst_material`
--

LOCK TABLES `mst_material` WRITE;
/*!40000 ALTER TABLE `mst_material` DISABLE KEYS */;
INSERT INTO `mst_material` VALUES (14,'PINK SUITING','Suiting',58,109,'2014-01-22',200.00,'I','2014-02-08',NULL),(15,'PNK CHK SHIRTING','Shirting',36,39,'2014-02-08',425.00,'I','2014-02-08',NULL),(16,'GR SUITING','Suiting',58,109,'2014-02-08',400.00,'I','2014-02-08',NULL),(17,'BR SUITING','Suiting',58,109,'2014-02-08',64.00,'I','2014-02-08',NULL),(18,'SUZUKI WHITE','Suiting',58,109,'2014-02-08',530.00,'I','2014-02-08',NULL),(19,'OFF SHIRTING','Shirting',36,44,'2014-02-08',150.00,'I','2014-02-08',NULL),(20,'BROWN  STRIPE','Shirting',36,0,'2014-02-08',0.00,'I','2014-02-08',NULL),(21,'GREEN CHK','Suiting',56,0,'2014-02-08',0.00,'I','2014-02-08',NULL),(22,'PEARL  NAVY  BLUE','Suiting',58,135,'2014-02-08',100.00,'U','2014-02-08','2014-02-08'),(23,'WHITE   N    BLUE  STRIPE','Shirting',36,44,'2014-02-08',75.00,'I','2014-02-08',NULL),(24,'PEARL NAVY BLUE FREE','Suiting',0,0,'2014-02-11',0.00,'U','2014-02-11','2014-02-11'),(25,'WHITE AND BLUE STRIPE FREE','Shirting',0,0,'2014-02-11',0.00,'I','2014-02-11',NULL),(26,'WHITE SUITING FREE','Suiting',0,0,'2014-02-11',0.00,'I','2014-02-11',NULL),(27,'WHITE SHIRTING FREE','Shirting',0,0,'2014-02-11',0.00,'I','2014-02-11',NULL),(28,'LIGHT BLUE SHIRT FREE','Shirting',0,0,'2014-02-11',0.00,'I','2014-02-11',NULL);
/*!40000 ALTER TABLE `mst_material` ENABLE KEYS */;
UNLOCK TABLES;

--
-- Table structure for table `mst_material_consumption`
--

DROP TABLE IF EXISTS `mst_material_consumption`;
/*!40101 SET @saved_cs_client     = @@character_set_client */;
/*!40101 SET character_set_client = utf8 */;
CREATE TABLE `mst_material_consumption` (
  `SL_NO` int(11) NOT NULL AUTO_INCREMENT,
  `SCHOOL_NO` int(11) NOT NULL,
  `CLASS_NO` int(11) NOT NULL,
  `ITEM_NO` int(11) NOT NULL,
  `MATERIAL_NO` int(11) NOT NULL,
  `FIXED_MAT_LENGTH` decimal(5,2) NOT NULL,
  `ACTUAL_MAT_LENGTH` decimal(5,2) NOT NULL,
  `FLAG` varchar(2) NOT NULL,
  `DATE_CREATED` date NOT NULL,
  `DATE_UPDATED` date DEFAULT NULL,
  PRIMARY KEY (`SL_NO`),
  KEY `MST_MATERIAL_CONSUMPTION_FK1` (`ITEM_NO`),
  KEY `MST_MATERIAL_CONSUMPTION_FK2` (`SCHOOL_NO`),
  KEY `MST_MATERIAL_CONSUMPTION_FK3` (`MATERIAL_NO`),
  KEY `MST_MATERIAL_CONSUMPTION_FK4` (`CLASS_NO`),
  CONSTRAINT `MST_MATERIAL_CONSUMPTION_FK1` FOREIGN KEY (`ITEM_NO`) REFERENCES `mst_item` (`ITEM_NO`),
  CONSTRAINT `MST_MATERIAL_CONSUMPTION_FK2` FOREIGN KEY (`SCHOOL_NO`) REFERENCES `mst_school` (`SCHOOL_NO`),
  CONSTRAINT `MST_MATERIAL_CONSUMPTION_FK3` FOREIGN KEY (`MATERIAL_NO`) REFERENCES `mst_material` (`MATERIAL_NO`),
  CONSTRAINT `MST_MATERIAL_CONSUMPTION_FK4` FOREIGN KEY (`CLASS_NO`) REFERENCES `mst_class` (`CLASS_NO`)
) ENGINE=InnoDB AUTO_INCREMENT=4 DEFAULT CHARSET=latin1;
/*!40101 SET character_set_client = @saved_cs_client */;

--
-- Dumping data for table `mst_material_consumption`
--

LOCK TABLES `mst_material_consumption` WRITE;
/*!40000 ALTER TABLE `mst_material_consumption` DISABLE KEYS */;
INSERT INTO `mst_material_consumption` VALUES (1,8,14,76,14,0.65,0.75,'I','2014-02-15',NULL),(2,8,14,78,18,0.65,0.75,'I','2014-02-15',NULL),(3,8,14,77,15,0.90,1.00,'I','2014-02-15',NULL);
/*!40000 ALTER TABLE `mst_material_consumption` ENABLE KEYS */;
UNLOCK TABLES;

--
-- Table structure for table `mst_school`
--

DROP TABLE IF EXISTS `mst_school`;
/*!40101 SET @saved_cs_client     = @@character_set_client */;
/*!40101 SET character_set_client = utf8 */;
CREATE TABLE `mst_school` (
  `SCHOOL_NO` int(11) NOT NULL AUTO_INCREMENT,
  `SCHOOL_NAME` varchar(40) NOT NULL,
  `SCHOOL_YEAR` int(11) NOT NULL,
  `FLAG` varchar(2) NOT NULL,
  `DATE_CREATED` date DEFAULT NULL,
  `DATE_UPDATED` date DEFAULT NULL,
  `SCHOOL_ADDRESS` varchar(50) NOT NULL,
  `SCHOOL_PHONENO` varchar(12) NOT NULL,
  PRIMARY KEY (`SCHOOL_NO`)
) ENGINE=InnoDB AUTO_INCREMENT=10 DEFAULT CHARSET=latin1;
/*!40101 SET character_set_client = @saved_cs_client */;

--
-- Dumping data for table `mst_school`
--

LOCK TABLES `mst_school` WRITE;
/*!40000 ALTER TABLE `mst_school` DISABLE KEYS */;
INSERT INTO `mst_school` VALUES (8,'BAPPUJI',2014,'I','2014-02-08',NULL,'KOOTHATTUKULAM','0'),(9,'ST. JOSEPH EMHS',2014,'I','2014-02-11',NULL,'KALAMASSERRY','0');
/*!40000 ALTER TABLE `mst_school` ENABLE KEYS */;
UNLOCK TABLES;

--
-- Table structure for table `mst_school_item_price`
--

DROP TABLE IF EXISTS `mst_school_item_price`;
/*!40101 SET @saved_cs_client     = @@character_set_client */;
/*!40101 SET character_set_client = utf8 */;
CREATE TABLE `mst_school_item_price` (
  `SL_NO` int(11) NOT NULL AUTO_INCREMENT,
  `SCHOOL_NO` int(11) NOT NULL,
  `ITEM_NO` int(11) NOT NULL,
  `SELLING_PRICE` int(5) NOT NULL,
  `FLAG` varchar(2) NOT NULL,
  `DATE_CREATED` date DEFAULT NULL,
  `DATE_UPDATED` date DEFAULT NULL,
  `CLASS_FROM` int(11) NOT NULL,
  `CLASS_TO` int(11) NOT NULL,
  `SET_NO` int(11) NOT NULL,
  PRIMARY KEY (`SL_NO`),
  KEY `MST_SCHOOL_ITEM_PRICE_FK1` (`SCHOOL_NO`),
  KEY `MST_SCHOOL_ITEM_PRICE_FK2` (`ITEM_NO`),
  KEY `MST_SCHOOL_ITEM_PRICE_FK3` (`SET_NO`),
  CONSTRAINT `MST_SCHOOL_ITEM_PRICE_FK1` FOREIGN KEY (`SCHOOL_NO`) REFERENCES `mst_school` (`SCHOOL_NO`),
  CONSTRAINT `MST_SCHOOL_ITEM_PRICE_FK2` FOREIGN KEY (`ITEM_NO`) REFERENCES `mst_item` (`ITEM_NO`),
  CONSTRAINT `MST_SCHOOL_ITEM_PRICE_FK3` FOREIGN KEY (`SET_NO`) REFERENCES `mst_set` (`SET_NO`)
) ENGINE=InnoDB AUTO_INCREMENT=111 DEFAULT CHARSET=latin1;
/*!40101 SET character_set_client = @saved_cs_client */;

--
-- Dumping data for table `mst_school_item_price`
--

LOCK TABLES `mst_school_item_price` WRITE;
/*!40000 ALTER TABLE `mst_school_item_price` DISABLE KEYS */;
INSERT INTO `mst_school_item_price` VALUES (67,8,76,135,'I','2014-02-08',NULL,-1,0,1),(68,8,77,120,'U','2014-02-08','2014-02-15',-1,0,1),(69,8,78,135,'U','2014-02-08','2014-02-10',-1,4,3),(70,8,79,135,'U','2014-02-08','2014-02-10',1,4,1),(71,8,80,240,'I','2014-02-08',NULL,5,10,1),(72,8,81,240,'I','2014-02-08',NULL,11,12,1),(73,8,82,150,'I','2014-02-08',NULL,11,12,1),(74,8,83,135,'U','2014-02-08','2014-02-10',1,4,2),(75,8,84,240,'U','2014-02-08','2014-02-10',5,10,2),(76,8,85,155,'U','2014-02-08','2014-02-11',-1,0,1),(77,8,86,120,'U','2014-02-08','2014-02-08',-1,0,1),(78,8,87,120,'U','2014-02-08','2014-02-10',-1,10,3),(79,8,88,145,'U','2014-02-08','2014-02-10',1,10,1),(80,8,89,145,'U','2014-02-08','2014-02-10',1,10,2),(81,8,90,135,'U','2014-02-08','2014-02-10',1,10,2),(82,8,91,130,'U','2014-02-08','2014-02-10',1,10,2),(83,8,92,135,'U','2014-02-08','2014-02-10',1,10,1),(84,8,93,130,'U','2014-02-08','2014-02-10',1,10,1),(85,8,94,190,'I','2014-02-08',NULL,11,12,1),(86,8,95,240,'U','2014-02-08','2014-02-10',5,10,3),(87,8,96,40,'U','2014-02-08','2014-02-10',1,10,1),(88,8,97,40,'U','2014-02-08','2014-02-10',1,10,2),(89,9,98,115,'U','2014-02-11','2014-02-11',1,4,1),(90,9,99,145,'U','2014-02-11','2014-02-11',1,4,1),(91,9,100,115,'U','2014-02-11','2014-02-11',1,4,3),(92,9,101,145,'I','2014-02-11',NULL,1,4,3),(93,9,102,125,'U','2014-02-11','2014-02-11',5,7,1),(94,9,103,255,'I','2014-02-11',NULL,5,7,3),(95,9,104,125,'U','2014-02-11','2014-02-11',5,7,3),(96,9,105,255,'I','2014-02-11',NULL,5,7,3),(97,9,106,135,'U','2014-02-11','2014-02-11',8,10,1),(98,9,107,255,'I','2014-02-11',NULL,8,10,1),(99,9,108,135,'U','2014-02-11','2014-02-11',8,10,3),(100,9,109,255,'I','2014-02-11',NULL,8,10,3),(101,9,110,145,'U','2014-02-11','2014-02-11',11,12,1),(102,9,111,255,'I','2014-02-11',NULL,11,12,1),(103,9,112,145,'I','2014-02-11',NULL,1,4,1),(104,9,113,145,'I','2014-02-11',NULL,1,4,3),(105,9,114,145,'I','2014-02-11',NULL,5,7,1),(106,9,115,145,'I','2014-02-11',NULL,5,7,3),(107,9,116,120,'U','2014-02-11','2014-02-11',8,10,1),(108,9,117,135,'I','2014-02-11',NULL,8,10,1),(109,9,118,120,'U','2014-02-11','2014-02-11',8,10,3),(110,9,119,185,'I','2014-02-11',NULL,11,12,3);
/*!40000 ALTER TABLE `mst_school_item_price` ENABLE KEYS */;
UNLOCK TABLES;

--
-- Table structure for table `mst_school_mat_price`
--

DROP TABLE IF EXISTS `mst_school_mat_price`;
/*!40101 SET @saved_cs_client     = @@character_set_client */;
/*!40101 SET character_set_client = utf8 */;
CREATE TABLE `mst_school_mat_price` (
  `SL_NO` int(11) NOT NULL AUTO_INCREMENT,
  `SCHOOL_NO` int(11) NOT NULL,
  `ITEM_NO` int(11) NOT NULL,
  `MATERIAL_NO` int(11) NOT NULL,
  `SELLING_PRICE` int(5) NOT NULL,
  `FLAG` varchar(2) NOT NULL,
  `DATE_CREATED` date NOT NULL,
  `DATE_UPDATED` date DEFAULT NULL,
  PRIMARY KEY (`SL_NO`),
  KEY `MST_SCHOOL_MAT_PRICE_FK1` (`SCHOOL_NO`),
  KEY `MST_SCHOOL_MAT_PRICE_FK2` (`MATERIAL_NO`),
  KEY `MST_SCHOOL_MAT_PRICE_FK3` (`ITEM_NO`),
  CONSTRAINT `MST_SCHOOL_MAT_PRICE_FK1` FOREIGN KEY (`SCHOOL_NO`) REFERENCES `mst_school` (`SCHOOL_NO`),
  CONSTRAINT `MST_SCHOOL_MAT_PRICE_FK2` FOREIGN KEY (`MATERIAL_NO`) REFERENCES `mst_material` (`MATERIAL_NO`),
  CONSTRAINT `MST_SCHOOL_MAT_PRICE_FK3` FOREIGN KEY (`ITEM_NO`) REFERENCES `mst_item` (`ITEM_NO`)
) ENGINE=InnoDB AUTO_INCREMENT=112 DEFAULT CHARSET=latin1;
/*!40101 SET character_set_client = @saved_cs_client */;

--
-- Dumping data for table `mst_school_mat_price`
--

LOCK TABLES `mst_school_mat_price` WRITE;
/*!40000 ALTER TABLE `mst_school_mat_price` DISABLE KEYS */;
INSERT INTO `mst_school_mat_price` VALUES (68,8,76,14,150,'I','2014-02-08',NULL),(69,8,77,15,56,'I','2014-02-08',NULL),(70,8,78,18,150,'I','2014-02-08',NULL),(71,8,79,16,150,'I','2014-02-08',NULL),(72,8,80,16,150,'I','2014-02-08',NULL),(73,8,81,22,190,'U','2014-02-08','2014-02-08'),(74,8,82,23,70,'I','2014-02-08',NULL),(75,8,83,17,150,'I','2014-02-08',NULL),(76,8,84,17,150,'I','2014-02-08',NULL),(77,8,85,14,150,'I','2014-02-08',NULL),(78,8,86,15,56,'I','2014-02-08',NULL),(79,8,87,18,150,'I','2014-02-08',NULL),(80,8,88,21,185,'I','2014-02-08',NULL),(81,8,89,17,150,'I','2014-02-08',NULL),(82,8,90,20,80,'I','2014-02-08',NULL),(83,8,91,20,80,'I','2014-02-08',NULL),(84,8,92,19,65,'I','2014-02-08',NULL),(85,8,93,19,65,'I','2014-02-08',NULL),(86,8,94,22,190,'I','2014-02-08',NULL),(87,8,95,18,150,'I','2014-02-08',NULL),(88,8,96,16,0,'I','2014-02-08',NULL),(89,8,97,17,0,'I','2014-02-08',NULL),(90,9,98,25,0,'I','2014-02-11',NULL),(91,9,99,24,0,'I','2014-02-11',NULL),(92,9,100,27,0,'I','2014-02-11',NULL),(93,9,101,26,0,'I','2014-02-11',NULL),(94,9,102,25,0,'I','2014-02-11',NULL),(95,9,103,24,0,'I','2014-02-11',NULL),(96,9,104,27,0,'I','2014-02-11',NULL),(97,9,105,26,0,'I','2014-02-11',NULL),(98,9,106,25,0,'I','2014-02-11',NULL),(99,9,107,24,0,'I','2014-02-11',NULL),(100,9,108,27,0,'I','2014-02-11',NULL),(101,9,109,26,0,'I','2014-02-11',NULL),(102,9,110,28,0,'I','2014-02-11',NULL),(103,9,111,24,0,'I','2014-02-11',NULL),(104,9,112,24,0,'I','2014-02-11',NULL),(105,9,113,26,0,'I','2014-02-11',NULL),(106,9,114,24,0,'I','2014-02-11',NULL),(107,9,115,26,0,'I','2014-02-11',NULL),(108,9,116,24,0,'I','2014-02-11',NULL),(109,9,117,24,0,'I','2014-02-11',NULL),(110,9,118,26,0,'I','2014-02-11',NULL),(111,9,119,24,0,'I','2014-02-11',NULL);
/*!40000 ALTER TABLE `mst_school_mat_price` ENABLE KEYS */;
UNLOCK TABLES;

--
-- Table structure for table `mst_set`
--

DROP TABLE IF EXISTS `mst_set`;
/*!40101 SET @saved_cs_client     = @@character_set_client */;
/*!40101 SET character_set_client = utf8 */;
CREATE TABLE `mst_set` (
  `SET_NO` int(11) NOT NULL AUTO_INCREMENT,
  `SET_NAME` varchar(15) NOT NULL,
  `FLAG` varchar(2) NOT NULL,
  `DATE_CREATED` date NOT NULL,
  `DATE_UPDATED` date DEFAULT NULL,
  PRIMARY KEY (`SET_NO`)
) ENGINE=InnoDB AUTO_INCREMENT=4 DEFAULT CHARSET=latin1;
/*!40101 SET character_set_client = @saved_cs_client */;

--
-- Dumping data for table `mst_set`
--

LOCK TABLES `mst_set` WRITE;
/*!40000 ALTER TABLE `mst_set` DISABLE KEYS */;
INSERT INTO `mst_set` VALUES (1,'MONDAY SET','I','2014-02-10',NULL),(2,'FRIDAY SET','I','2014-02-10',NULL),(3,'WEDNESDAY SET','I','2014-02-10',NULL);
/*!40000 ALTER TABLE `mst_set` ENABLE KEYS */;
UNLOCK TABLES;

--
-- Table structure for table `mst_student`
--

DROP TABLE IF EXISTS `mst_student`;
/*!40101 SET @saved_cs_client     = @@character_set_client */;
/*!40101 SET character_set_client = utf8 */;
CREATE TABLE `mst_student` (
  `STSL_NO` int(11) NOT NULL AUTO_INCREMENT,
  `SCHOOL_NO` int(11) NOT NULL,
  `ORDER_NO` int(11) NOT NULL,
  `STUDENT_NAME` varchar(30) NOT NULL,
  `CLASS_NO` int(11) NOT NULL,
  `DIVISION` varchar(3) NOT NULL,
  `GENDER` varchar(6) NOT NULL,
  `PHONE_N0` varchar(11) NOT NULL,
  `SHIRTH_LENGTH` decimal(5,2) DEFAULT NULL,
  `SHIRTH_SHOULDER` decimal(5,2) DEFAULT NULL,
  `SHIRTH_CHEST` decimal(5,2) DEFAULT NULL,
  `SHIRTH_SLEEVE_LENGTH` decimal(5,2) DEFAULT NULL,
  `SHIRTH_SLEEVE_LOOSE` decimal(5,2) DEFAULT NULL,
  `SHIRTH_COLLAR` decimal(5,2) DEFAULT NULL,
  `PANT_LENGTH` decimal(5,2) DEFAULT NULL,
  `PANT_INSIDE` decimal(5,2) DEFAULT NULL,
  `PANT_KNEE_LENGHT` decimal(5,2) DEFAULT NULL,
  `PANT_KNEE_LOOSE` decimal(5,2) DEFAULT NULL,
  `PANT_WAIST` decimal(5,2) DEFAULT NULL,
  `PANT_SEAT` decimal(5,2) DEFAULT NULL,
  `PIN_YOK` decimal(5,2) DEFAULT NULL,
  `PIN_LENGTH` decimal(5,2) DEFAULT NULL,
  `PIN_WAIST` decimal(5,2) DEFAULT NULL,
  `COAT_LENGTH` decimal(5,2) DEFAULT NULL,
  `COAT_SHOULDER` decimal(5,2) DEFAULT NULL,
  `COAT_CHEST` decimal(5,2) DEFAULT NULL,
  `COAT_WAIST` decimal(5,2) DEFAULT NULL,
  `COAT_SEAT` decimal(5,2) DEFAULT NULL,
  `FLAG` varchar(2) NOT NULL,
  `DATE_CREATED` date NOT NULL,
  `DATE_UPDATED` date DEFAULT NULL,
  `PANT_BOTTOM_LOOSE` decimal(5,2) DEFAULT NULL,
  `PIN_SHOULDER` decimal(5,2) DEFAULT NULL,
  `SKIRT_LENGTH` decimal(5,2) DEFAULT NULL,
  PRIMARY KEY (`STSL_NO`),
  KEY `MST_STUDENT_FK1` (`SCHOOL_NO`),
  KEY `MST_STUDENT_FK2` (`CLASS_NO`),
  CONSTRAINT `MST_STUDENT_FK1` FOREIGN KEY (`SCHOOL_NO`) REFERENCES `mst_school` (`SCHOOL_NO`),
  CONSTRAINT `MST_STUDENT_FK2` FOREIGN KEY (`CLASS_NO`) REFERENCES `mst_class` (`CLASS_NO`)
) ENGINE=InnoDB AUTO_INCREMENT=262 DEFAULT CHARSET=latin1;
/*!40101 SET character_set_client = @saved_cs_client */;

--
-- Dumping data for table `mst_student`
--

LOCK TABLES `mst_student` WRITE;
/*!40000 ALTER TABLE `mst_student` DISABLE KEYS */;
INSERT INTO `mst_student` VALUES (109,8,1021,'ANIRUDTH BAIJU',1,'A','Male','0',18.00,12.50,22.00,6.50,8.50,12.00,13.00,0.00,14.50,17.00,20.50,23.00,NULL,NULL,NULL,NULL,NULL,NULL,NULL,NULL,'I','2014-02-08',NULL,NULL,NULL,NULL),(110,8,1513,'ABIGAIL SHANCE',1,'A','Female','0',16.00,11.50,21.00,5.50,8.50,3.00,NULL,NULL,NULL,NULL,NULL,NULL,9.00,25.00,21.00,NULL,NULL,NULL,NULL,NULL,'I','2014-02-08',NULL,NULL,NULL,NULL),(111,8,1022,'ASHER   THOMAS',1,'A','Male','0',16.00,12.50,21.50,5.50,8.00,11.50,11.00,0.00,14.50,17.00,20.00,23.00,NULL,NULL,NULL,NULL,NULL,NULL,NULL,NULL,'I','2014-02-08',NULL,NULL,NULL,NULL),(112,8,1023,'AMAL JAYAPRAKASH',1,'A','Male','0',17.50,12.50,22.00,6.00,9.00,12.00,12.75,0.00,15.00,17.00,20.50,23.00,NULL,NULL,NULL,NULL,NULL,NULL,NULL,NULL,'I','2014-02-08',NULL,NULL,NULL,NULL),(113,8,1024,'BASIL FEROZE1',1,'A','Male','0',18.00,13.00,23.00,6.00,9.00,12.50,12.50,15.50,0.00,17.50,21.50,23.50,NULL,NULL,NULL,NULL,NULL,NULL,NULL,NULL,'I','2014-02-08',NULL,NULL,NULL,NULL),(114,8,1025,'DOMINIC  1 SAJI',1,'A','Male','0',17.50,13.00,21.00,6.00,9.00,11.50,12.50,14.50,16.00,0.00,19.50,23.00,NULL,NULL,NULL,NULL,NULL,NULL,NULL,NULL,'I','2014-02-08',NULL,NULL,NULL,NULL),(115,8,1026,'JYOTHIS JOHN',1,'A','Male','0',16.50,11.50,22.50,6.00,8.50,11.50,11.75,14.00,0.00,16.50,21.00,23.50,NULL,NULL,NULL,NULL,NULL,NULL,NULL,NULL,'I','2014-02-08',NULL,NULL,NULL,NULL),(116,8,1027,'MELVIN   PHILIP',1,'A','Male','0',18.00,13.50,24.00,7.00,10.00,12.00,13.50,16.00,17.50,0.00,23.50,26.00,NULL,NULL,NULL,NULL,NULL,NULL,NULL,NULL,'I','2014-02-08',NULL,NULL,NULL,NULL),(117,8,1028,'NOEL  JOHN',1,'A','Male','0',18.00,12.50,23.00,6.50,9.00,12.00,12.50,16.00,17.50,0.00,22.50,0.24,NULL,NULL,NULL,NULL,NULL,NULL,NULL,NULL,'I','2014-02-08',NULL,NULL,NULL,NULL),(118,8,1030,'RAHUL  RAJEEV',1,'A','Male','0',18.00,12.50,22.50,6.00,9.00,12.00,13.50,15.00,17.00,0.00,20.50,23.00,NULL,NULL,NULL,NULL,NULL,NULL,NULL,NULL,'I','2014-02-08',NULL,NULL,NULL,NULL),(119,8,1031,'STIPHO  K   PHILIPOSE',1,'A','Male','0',19.50,12.50,23.50,6.00,9.00,12.00,13.50,15.50,17.50,0.00,22.00,24.00,NULL,NULL,NULL,NULL,NULL,NULL,NULL,NULL,'I','2014-02-08',NULL,NULL,NULL,NULL),(120,8,1032,'SRIHARI  PRASAD',1,'A','Male','0',18.00,12.50,23.00,6.00,9.00,12.00,13.50,15.00,17.00,0.00,22.00,24.00,NULL,NULL,NULL,NULL,NULL,NULL,NULL,NULL,'I','2014-02-08',NULL,NULL,NULL,NULL),(121,8,1033,'SRIHARI  SANTHOSH',1,'A','Male','0',18.00,13.00,24.00,6.50,10.00,12.50,14.00,18.00,20.00,0.00,24.00,27.00,NULL,NULL,NULL,NULL,NULL,NULL,NULL,NULL,'I','2014-02-08',NULL,NULL,NULL,NULL),(122,8,1034,'VIVEK   SURESH',1,'A','Male','0',17.00,12.50,22.50,6.00,9.00,12.00,12.50,14.00,16.50,0.00,21.50,24.00,NULL,NULL,NULL,NULL,NULL,NULL,NULL,NULL,'I','2014-02-08',NULL,NULL,NULL,NULL),(123,8,1035,'ABIJITH   C  S',1,'A','Male','0',16.00,12.00,22.00,5.00,9.00,12.00,12.00,15.00,17.00,0.00,20.00,23.50,NULL,NULL,NULL,NULL,NULL,NULL,NULL,NULL,'I','2014-02-08',NULL,NULL,NULL,NULL),(124,8,1036,'ADITHYAN  BINO',1,'A','Male','0',19.50,13.50,26.00,5.50,10.00,12.50,13.00,19.00,21.00,0.00,28.00,30.00,NULL,NULL,NULL,NULL,NULL,NULL,NULL,NULL,'I','2014-02-08',NULL,NULL,NULL,NULL),(125,8,1037,'AIBEL  JOSEPH',1,'A','Male','0',17.00,12.50,22.00,6.00,8.50,12.00,13.00,15.00,17.00,0.00,22.00,24.00,NULL,NULL,NULL,NULL,NULL,NULL,NULL,NULL,'I','2014-02-08',NULL,NULL,NULL,NULL),(126,8,1038,'AKHILESH   SINU',1,'A','Male','0',17.00,13.00,23.00,6.00,9.00,12.00,13.00,15.00,17.00,0.00,22.00,24.00,NULL,NULL,NULL,NULL,NULL,NULL,NULL,NULL,'I','2014-02-08',NULL,NULL,NULL,NULL),(127,8,1039,'BHAVAN   KARTHIKEY',1,'A','Male','0',16.00,12.00,22.00,5.50,8.50,12.00,13.00,15.00,17.00,0.00,21.50,24.00,NULL,NULL,NULL,NULL,NULL,NULL,NULL,NULL,'I','2014-02-08',NULL,NULL,NULL,NULL),(128,8,1040,'DHANANJAY   ANISH',1,'A','Male','0',174.50,13.00,23.00,6.00,9.50,12.50,14.00,17.00,19.00,0.00,22.00,25.00,NULL,NULL,NULL,NULL,NULL,NULL,NULL,NULL,'I','2014-02-08',NULL,NULL,NULL,NULL),(129,8,1041,'JITHIN  K   SAIJU',1,'A','Male','0',16.00,12.50,22.00,5.50,9.00,12.00,13.50,16.00,19.00,0.00,23.00,26.00,NULL,NULL,NULL,NULL,NULL,NULL,NULL,NULL,'I','2014-02-08',NULL,NULL,NULL,NULL),(130,8,1042,'NAVANEETH   PISHARADY',1,'A','Male','0',17.50,12.20,23.00,5.50,9.00,12.00,13.50,15.00,17.00,0.00,22.00,24.00,NULL,NULL,NULL,NULL,NULL,NULL,NULL,NULL,'I','2014-02-08',NULL,NULL,NULL,NULL),(131,8,1043,'SREESANKAR  SASIDHARAN',1,'A','Male','0',17.50,13.00,22.00,5.50,9.00,12.00,12.50,15.00,17.00,0.00,21.00,23.00,NULL,NULL,NULL,NULL,NULL,NULL,NULL,NULL,'I','2014-02-08',NULL,NULL,NULL,NULL),(132,8,1044,'SREEHARI  N  S',1,'A','Male','0',18.00,13.00,24.00,5.50,9.00,12.00,13.50,16.00,18.00,0.00,23.00,26.00,NULL,NULL,NULL,NULL,NULL,NULL,NULL,NULL,'I','2014-02-08',NULL,NULL,NULL,NULL),(133,8,1515,'ALKA MATHEW',1,'A','Female','0',16.00,11.50,23.00,5.50,8.50,3.00,NULL,NULL,NULL,NULL,NULL,NULL,8.00,26.00,23.00,NULL,NULL,NULL,NULL,NULL,'I','2014-02-10',NULL,NULL,8.50,NULL),(134,8,1516,'ALNA  MARY MANEESH',1,'A','Female','0',17.00,13.50,25.00,6.00,9.50,3.50,NULL,NULL,NULL,NULL,NULL,NULL,10.00,29.00,23.50,NULL,NULL,NULL,NULL,NULL,'I','2014-02-10',NULL,NULL,10.50,NULL),(135,8,1517,'ANNS MARY SHIBU',1,'A','Female','0',15.50,11.50,21.50,5.00,8.00,3.00,NULL,NULL,NULL,NULL,NULL,NULL,8.50,25.50,21.00,NULL,NULL,NULL,NULL,NULL,'I','2014-02-10',NULL,NULL,8.50,NULL),(136,8,1518,'AMRITHA  S MENON',1,'A','Female','0',16.50,12.50,23.00,5.50,9.00,3.00,NULL,NULL,NULL,NULL,NULL,NULL,9.00,29.00,9.50,NULL,NULL,NULL,NULL,NULL,'I','2014-02-10',NULL,NULL,21.50,20.00),(137,8,1519,'ANAMIKA  SHIBU',1,'A','Female','0',15.50,12.00,23.00,5.50,8.50,3.00,NULL,NULL,NULL,NULL,NULL,NULL,9.00,27.00,22.50,NULL,NULL,NULL,NULL,NULL,'I','2014-02-10',NULL,NULL,9.00,18.00),(138,8,1520,'ANJANA   SURESH',1,'A','Female','0',15.00,11.50,21.00,5.00,8.00,2.75,0.00,0.00,0.00,0.00,0.00,0.00,9.50,26.00,20.00,0.00,0.00,0.00,0.00,0.00,'I','2014-02-10',NULL,0.00,9.50,16.00),(139,8,1521,'ANJANA   REJU',1,'A','Female','0',18.00,13.00,24.00,5.50,9.00,3.25,NULL,NULL,NULL,NULL,NULL,NULL,10.00,29.00,25.00,NULL,NULL,NULL,NULL,NULL,'I','2014-02-10',NULL,NULL,10.00,19.00),(140,8,1522,'ARYANANDA   K A',1,'A','Female','0',16.50,12.50,21.00,5.00,8.00,3.00,NULL,NULL,NULL,NULL,NULL,NULL,9.50,27.00,21.00,NULL,NULL,NULL,NULL,NULL,'I','2014-02-10',NULL,NULL,9.50,17.00),(141,8,1523,'DEVANANDA   R',1,'A','Female','0',15.00,11.00,21.00,5.00,7.50,2.75,NULL,NULL,NULL,NULL,NULL,NULL,9.50,25.00,21.00,NULL,NULL,NULL,NULL,NULL,'I','2014-02-10',NULL,NULL,8.50,15.00),(142,8,1524,'DEVAMRITHA THAMPI',1,'A','Female','0',16.00,11.00,22.00,5.50,8.50,2.75,NULL,NULL,NULL,NULL,NULL,NULL,10.00,26.00,22.00,NULL,NULL,NULL,NULL,NULL,'I','2014-02-10',NULL,NULL,9.50,16.00),(143,8,1525,'FEBA  ELSA DALU',1,'A','Female','0',17.50,13.50,26.00,5.00,10.00,3.50,NULL,NULL,NULL,NULL,NULL,NULL,9.50,28.00,25.50,NULL,NULL,NULL,NULL,NULL,'I','2014-02-10',NULL,NULL,10.00,19.00),(144,8,1526,'JUNA  MARIA',1,'A','Female','0',16.00,12.00,22.00,5.50,8.50,2.75,NULL,NULL,NULL,NULL,NULL,NULL,10.00,26.00,23.00,NULL,NULL,NULL,NULL,NULL,'I','2014-02-10',NULL,NULL,9.50,16.00),(145,8,1528,'NANDANA    MANOJ',1,'A','Female','0',16.00,11.50,21.00,5.00,8.00,2.75,NULL,NULL,NULL,NULL,NULL,NULL,9.50,26.00,20.00,NULL,NULL,NULL,NULL,NULL,'I','2014-02-10',NULL,NULL,9.50,16.00),(146,8,1529,'REENU   TIGY',1,'A','Female','0',16.50,12.50,22.00,5.50,8.50,2.75,NULL,NULL,NULL,NULL,NULL,NULL,9.50,28.50,22.00,NULL,NULL,NULL,NULL,NULL,'I','2014-02-10',NULL,NULL,9.00,19.00),(147,8,1530,'SREELAKSHMI     BIJU',1,'A','Female','0',16.00,11.50,22.00,5.50,8.00,2.75,0.00,0.00,0.00,0.00,0.00,0.00,9.50,27.00,22.00,0.00,0.00,0.00,0.00,0.00,'I','2014-02-10',NULL,0.00,9.00,17.00),(148,8,1532,'SREENANDANA  PRASAD',1,'A','Female','0',15.00,12.00,23.00,5.00,9.00,3.00,NULL,NULL,NULL,NULL,NULL,NULL,9.00,27.00,23.00,NULL,NULL,NULL,NULL,NULL,'I','2014-02-10',NULL,NULL,10.00,18.00),(149,8,1533,'AKSA   ELIAS',1,'A','Female','0',16.00,13.00,26.00,5.50,10.00,3.00,NULL,NULL,NULL,NULL,NULL,NULL,10.00,27.00,27.00,NULL,NULL,NULL,NULL,NULL,'I','2014-02-10',NULL,NULL,9.50,17.50),(150,8,1534,'ALONA',1,'A','Female','0',16.00,12.00,22.00,5.00,8.50,3.00,NULL,NULL,NULL,NULL,NULL,NULL,9.50,28.00,22.50,NULL,NULL,NULL,NULL,NULL,'I','2014-02-10',NULL,NULL,9.00,18.50),(151,8,1535,'ALPHONSA  SUSAN',1,'A','Female','0',15.00,13.00,22.50,5.00,8.00,3.00,NULL,NULL,NULL,NULL,NULL,NULL,9.50,27.00,22.00,NULL,NULL,NULL,NULL,NULL,'I','2014-02-10',NULL,NULL,10.00,19.00),(152,8,1536,'ANGELA  SARA',1,'A','Female','0',17.00,12.50,23.00,5.00,8.50,3.00,NULL,NULL,NULL,NULL,NULL,NULL,10.00,28.50,10.00,NULL,NULL,NULL,NULL,NULL,'I','2014-02-10',NULL,NULL,23.00,18.00),(153,8,1537,'AYANA   MARY',1,'A','Female','0',17.00,11.50,24.00,5.00,9.00,3.00,NULL,NULL,NULL,NULL,NULL,NULL,9.00,27.00,23.50,NULL,NULL,NULL,NULL,NULL,'I','2014-02-10',NULL,NULL,9.50,18.50),(154,8,1538,'DEVANANDA    RATHEESH',1,'A','Female','0',17.00,11.50,23.00,5.00,8.50,3.00,NULL,NULL,NULL,NULL,NULL,NULL,9.50,28.00,22.00,NULL,NULL,NULL,NULL,NULL,'I','2014-02-10',NULL,NULL,9.50,20.00),(155,8,1539,'DEVANANDA  S  NAIR',1,'A','Female','0',17.00,12.50,23.50,5.00,9.00,3.00,NULL,NULL,NULL,NULL,NULL,NULL,10.00,29.50,23.00,NULL,NULL,NULL,NULL,NULL,'I','2014-02-10',NULL,NULL,10.00,20.00),(156,8,1540,'FENIN   BIJU',1,'A','Female','0',16.00,12.50,22.00,5.00,8.50,3.00,NULL,NULL,NULL,NULL,NULL,NULL,10.00,28.00,22.50,NULL,NULL,NULL,NULL,NULL,'I','2014-02-10',NULL,NULL,10.00,19.50),(157,8,1541,'GOURY  SAJESH',1,'A','Female','0',15.50,11.50,20.00,5.00,8.50,2.75,NULL,NULL,NULL,NULL,NULL,NULL,9.00,25.00,21.00,NULL,NULL,NULL,NULL,NULL,'I','2014-02-10',NULL,NULL,9.00,16.00),(158,8,1542,'MARIA  ABRAHAM',1,'A','Female','0',16.00,11.50,22.00,5.00,8.50,3.00,NULL,NULL,NULL,NULL,NULL,NULL,9.50,27.00,23.00,NULL,NULL,NULL,NULL,NULL,'I','2014-02-10',NULL,NULL,9.50,17.00),(159,8,1543,'PARVATHY  KUNNUMPURAM',1,'A','Female','0',17.50,13.50,28.00,5.50,10.00,3.50,NULL,NULL,NULL,NULL,NULL,NULL,10.50,32.00,27.00,NULL,NULL,NULL,NULL,NULL,'I','2014-02-10',NULL,NULL,11.00,22.00),(160,8,1544,'PRATHUSHA   SHAJU',1,'A','Female','0',16.50,12.00,23.00,5.50,8.50,3.00,NULL,NULL,NULL,NULL,NULL,NULL,10.00,29.00,22.00,NULL,NULL,NULL,NULL,NULL,'I','2014-02-10',NULL,NULL,10.00,20.00),(161,8,1545,'SANITHA SUNIL',1,'A','Female','0',17.00,12.50,24.00,5.00,9.00,3.00,NULL,NULL,NULL,NULL,NULL,NULL,10.50,29.00,24.00,NULL,NULL,NULL,NULL,NULL,'I','2014-02-10',NULL,NULL,10.00,19.50),(162,8,1546,'SNIA DAVID',1,'A','Female','0',15.00,11.00,21.00,5.00,8.00,2.75,NULL,NULL,NULL,NULL,NULL,NULL,8.50,26.00,21.00,NULL,NULL,NULL,NULL,NULL,'I','2014-02-10',NULL,NULL,9.50,17.00),(163,8,1547,'SNEHA  ROY',1,'A','Female','0',16.00,12.00,22.00,5.50,8.50,2.75,NULL,NULL,NULL,NULL,NULL,NULL,9.00,29.00,21.50,NULL,NULL,NULL,NULL,NULL,'I','2014-02-10',NULL,NULL,9.50,19.00),(164,8,1548,'UTHRA  RENJITH',1,'A','Female','0',16.00,11.00,20.00,5.00,8.00,2.75,NULL,NULL,NULL,NULL,NULL,NULL,9.50,27.00,21.00,NULL,NULL,NULL,NULL,NULL,'I','2014-02-10',NULL,NULL,9.50,17.00),(165,8,1549,'VYSHAKI    RAJESH',1,'A','Female','0',15.00,11.00,20.00,5.00,8.00,2.75,NULL,NULL,NULL,NULL,NULL,NULL,9.50,24.50,19.50,NULL,NULL,NULL,NULL,NULL,'I','2014-02-10',NULL,NULL,9.00,16.00),(166,8,1531,'NANDANA   BIJU',2,'A','Female','0',17.00,12.00,24.00,5.50,9.00,3.00,NULL,NULL,NULL,NULL,NULL,NULL,10.50,28.00,23.00,NULL,NULL,NULL,NULL,NULL,'I','2014-02-10',NULL,NULL,9.50,0.00),(167,8,1046,'GAUTHAM  ATHMA',7,'A','Male','0',27.00,16.50,30.00,7.00,11.50,14.00,38.50,29.50,23.00,19.00,28.50,33.00,NULL,NULL,NULL,NULL,NULL,NULL,NULL,NULL,'I','2014-02-10',NULL,15.50,NULL,NULL),(168,8,1001,'BENET  ELAIS  JOSEPH',14,'A','Male','0',18.00,12.00,22.00,5.00,8.00,11.50,12.00,0.00,0.00,16.00,20.00,23.50,NULL,NULL,NULL,NULL,NULL,NULL,NULL,NULL,'I','2014-02-10',NULL,14.00,NULL,NULL),(169,8,1002,'ELDHO  JEWEL',14,'A','Male','0',19.00,13.00,23.50,5.50,9.00,12.00,12.00,0.00,0.00,16.00,2.50,25.00,NULL,NULL,NULL,NULL,NULL,NULL,NULL,NULL,'I','2014-02-10',NULL,14.00,NULL,NULL),(170,8,1005,'JOEN  - BIJU',14,'A','Male','0',16.50,12.00,20.00,5.50,8.50,11.50,11.00,0.00,0.00,16.00,19.00,23.00,NULL,NULL,NULL,NULL,NULL,NULL,NULL,NULL,'I','2014-02-10',NULL,13.50,NULL,NULL),(171,8,1006,'MILAN   GEO',14,'A','Male','0',16.50,11.50,22.00,5.50,9.00,11.50,10.50,0.00,0.00,15.00,21.00,22.50,NULL,NULL,NULL,NULL,NULL,NULL,NULL,NULL,'I','2014-02-10',NULL,13.00,NULL,NULL),(172,8,1007,'JOSEPH   C  SANTHOSH',14,'A','Male','0',147.00,11.50,21.50,5.00,8.50,12.00,11.50,0.00,0.00,16.00,21.00,23.50,NULL,NULL,NULL,NULL,NULL,NULL,NULL,NULL,'I','2014-02-10',NULL,14.00,NULL,NULL),(173,8,1008,'AYDEN    ELDHO',14,'A','Male','0',16.50,11.00,20.50,5.00,8.50,11.00,11.00,0.00,0.00,15.00,20.00,21.50,NULL,NULL,NULL,NULL,NULL,NULL,NULL,NULL,'I','2014-02-10',NULL,13.50,NULL,NULL),(174,8,1009,'ASHISH  MILJO',14,'A','Male','0',17.00,12.00,21.00,5.50,8.50,12.00,11.50,0.00,0.00,16.00,21.00,23.50,NULL,NULL,NULL,NULL,NULL,NULL,NULL,NULL,'I','2014-02-10',NULL,14.00,NULL,NULL),(175,8,1010,'DEVANAND    SUDHESH',14,'A','Male','0',20.00,14.00,28.00,5.50,11.50,12.50,11.50,0.00,0.00,18.50,27.50,28.00,NULL,NULL,NULL,NULL,NULL,NULL,NULL,NULL,'I','2014-02-10',NULL,16.00,NULL,NULL),(176,8,1011,'CRIS   ABY',14,'A','Male','0',17.00,11.50,20.50,6.00,9.00,11.50,11.00,0.00,0.00,16.00,21.50,23.50,NULL,NULL,NULL,NULL,NULL,NULL,NULL,NULL,'I','2014-02-10',NULL,14.00,NULL,NULL),(177,8,1012,'JOEL SYAM',14,'A','Male','0',18.00,12.00,22.00,5.50,9.00,12.00,11.50,0.00,0.00,16.00,22.00,24.00,NULL,NULL,NULL,NULL,NULL,NULL,NULL,NULL,'I','2014-02-10',NULL,14.00,NULL,NULL),(178,8,1013,'ASWIN  MANESH',14,'A','Male','0',16.50,11.50,22.00,5.50,8.50,11.50,11.00,0.00,0.00,15.50,20.00,23.00,NULL,NULL,NULL,NULL,NULL,NULL,NULL,NULL,'I','2014-02-10',NULL,13.50,NULL,NULL),(179,8,1015,'FLEMING    K    LIJO',14,'A','Male','0',17.50,12.00,22.00,5.50,9.00,11.50,11.50,0.00,0.00,16.00,20.50,23.50,NULL,NULL,NULL,NULL,NULL,NULL,NULL,NULL,'I','2014-02-10',NULL,14.00,NULL,NULL),(180,8,1016,'ELBIN    ELDHO',14,'A','Male','0',17.00,11.50,23.50,5.00,9.00,11.50,11.50,0.00,0.00,16.00,21.00,24.50,NULL,NULL,NULL,NULL,NULL,NULL,NULL,NULL,'I','2014-02-10',NULL,14.00,NULL,NULL),(181,8,1017,'CHISTIAN   SUNIL',14,'A','Male','0',NULL,NULL,NULL,NULL,NULL,NULL,NULL,NULL,NULL,NULL,NULL,NULL,NULL,NULL,NULL,NULL,NULL,NULL,NULL,NULL,'D','2014-02-10','2014-02-10',NULL,NULL,NULL),(182,8,1017,'CHRISTIAN   SUNIL',14,'A','Male','0',15.50,10.50,21.00,5.00,8.50,11.00,11.50,0.00,0.00,15.50,20.00,22.00,NULL,NULL,NULL,NULL,NULL,NULL,NULL,NULL,'I','2014-02-10',NULL,13.50,NULL,NULL),(183,8,1018,'SRIHARI    K  S',14,'A','Male','0',16.50,11.50,20.50,5.00,8.00,11.00,11.50,0.00,0.00,16.00,20.00,23.50,NULL,NULL,NULL,NULL,NULL,NULL,NULL,NULL,'I','2014-02-10',NULL,14.00,NULL,NULL),(184,8,1019,'EDWIN   BIJU',14,'A','Male','0',16.50,11.50,20.00,5.00,8.50,11.00,11.00,0.00,0.00,16.50,20.00,23.00,NULL,NULL,NULL,NULL,NULL,NULL,NULL,NULL,'I','2014-02-10',NULL,14.00,NULL,NULL),(185,8,1020,'JERIL   TONY',14,'A','Male','0',20.00,13.50,26.00,6.50,10.50,12.00,12.75,0.00,0.00,20.00,27.00,29.00,NULL,NULL,NULL,NULL,NULL,NULL,NULL,NULL,'I','2014-02-10',NULL,16.50,NULL,NULL),(186,8,1501,'DIYA RABHI BINU',14,'A','Female','0',14.50,11.50,21.50,5.50,8.00,11.00,NULL,NULL,NULL,NULL,NULL,NULL,8.50,22.00,21.00,NULL,NULL,NULL,NULL,NULL,'I','2014-02-10',NULL,NULL,9.50,13.50),(187,8,1502,'ALEENA BABU',14,'A','Female','0',14.50,10.00,19.50,5.00,7.50,10.00,NULL,NULL,NULL,NULL,NULL,NULL,8.50,22.00,19.00,NULL,NULL,NULL,NULL,NULL,'I','2014-02-10',NULL,NULL,7.50,14.00),(188,8,1503,'RONA ANNA GEORGE',14,'A','Female','0',14.50,10.50,22.00,5.00,8.00,12.00,NULL,NULL,NULL,NULL,NULL,NULL,9.00,23.00,19.00,NULL,NULL,NULL,NULL,NULL,'I','2014-02-10',NULL,NULL,9.50,14.50),(189,8,1504,'ALBY MARIA SIBI',14,'A','Female','0',17.50,11.50,22.00,5.50,8.50,11.00,NULL,NULL,NULL,NULL,NULL,NULL,10.00,25.00,22.00,NULL,NULL,NULL,NULL,NULL,'I','2014-02-10',NULL,NULL,9.00,14.00),(190,8,1505,'VISMAYA BINOD',14,'A','Female','0',16.50,11.50,21.00,5.50,8.50,11.50,NULL,NULL,NULL,NULL,NULL,NULL,11.50,25.00,22.00,NULL,NULL,NULL,NULL,NULL,'I','2014-02-10',NULL,NULL,9.00,13.50),(191,8,1507,'CHANDANA BABURAJ',14,'A','Female','0',17.00,11.00,21.00,5.50,8.00,11.50,NULL,NULL,NULL,NULL,NULL,NULL,10.00,23.00,20.00,NULL,NULL,NULL,NULL,NULL,'I','2014-02-10',NULL,NULL,8.50,12.50),(192,8,1509,'SHIMA SHAJU',14,'A','Female','0',16.50,10.50,21.50,5.50,8.50,11.00,NULL,NULL,NULL,NULL,NULL,NULL,9.00,23.00,22.00,NULL,NULL,NULL,NULL,NULL,'I','2014-02-10',NULL,NULL,8.00,13.00),(193,8,1510,'ALONA SAJI',14,'A','Female','0',16.00,11.00,21.00,5.00,8.00,11.00,NULL,NULL,NULL,NULL,NULL,NULL,9.50,23.00,21.00,NULL,NULL,NULL,NULL,NULL,'I','2014-02-10',NULL,NULL,8.00,13.50),(194,8,1511,'ANGEL MARIA SIJU',14,'A','Female','0',16.50,12.00,25.50,5.00,9.00,12.50,NULL,NULL,NULL,NULL,NULL,NULL,9.50,26.00,27.00,NULL,NULL,NULL,NULL,NULL,'I','2014-02-10',NULL,NULL,9.50,16.00),(195,8,1512,'GOURI SURESH',14,'A','Female','0',15.50,10.50,19.50,5.00,8.00,11.00,NULL,NULL,NULL,NULL,NULL,NULL,9.00,22.00,19.50,NULL,NULL,NULL,NULL,NULL,'I','2014-02-10',NULL,NULL,8.00,14.00),(200,8,1045,'SONAL SUNIL',14,'A','Male','0',16.50,12.00,22.00,5.00,12.00,11.50,12.00,0.00,0.00,17.00,20.00,24.00,NULL,NULL,NULL,NULL,NULL,NULL,NULL,NULL,'I','2014-02-10',NULL,15.00,NULL,NULL),(201,8,1550,'EMYA ETHMA',9,'A','Female','0',24.50,16.50,37.00,6.50,12.00,3.50,NULL,NULL,NULL,NULL,NULL,NULL,17.50,40.00,35.00,NULL,NULL,NULL,NULL,NULL,'I','2014-02-10',NULL,NULL,13.00,24.00),(202,8,1029,'NAVEEN  BIJU',13,'A','Male','0',17.00,12.00,21.00,5.50,9.00,11.50,12.00,0.00,0.00,16.50,20.50,23.00,NULL,NULL,NULL,NULL,NULL,NULL,NULL,NULL,'I','2014-02-10',NULL,14.00,NULL,NULL),(203,8,1003,'JAIRUS JELSON THOMAS',13,'A','Male','0',17.50,13.00,23.00,5.75,9.00,12.50,12.50,0.00,0.00,17.00,21.50,25.50,NULL,NULL,NULL,NULL,NULL,NULL,NULL,NULL,'I','2014-02-10',NULL,14.00,NULL,NULL),(204,8,1014,'NEVIN JOBY',13,'A','Male','0',17.00,11.50,22.00,5.00,8.00,11.50,11.50,0.00,0.00,15.50,20.50,23.00,NULL,NULL,NULL,NULL,NULL,NULL,NULL,NULL,'I','2014-02-10',NULL,13.50,NULL,NULL),(205,8,1508,'MICHELLE BIJOY MATHEW',13,'A','Female','0',15.50,11.00,20.00,5.50,8.00,11.00,NULL,NULL,NULL,NULL,NULL,NULL,9.50,24.00,21.00,NULL,NULL,NULL,NULL,NULL,'I','2014-02-10',NULL,NULL,8.00,15.50),(206,9,1,'Manuel Joemon',1,'C','Male','0',19.00,13.00,24.00,5.50,9.00,12.00,12.00,0.00,0.00,17.50,22.00,24.50,NULL,NULL,NULL,NULL,NULL,NULL,NULL,NULL,'I','2014-02-12',NULL,15.00,NULL,NULL),(207,9,2,'GOWTHAM KS',1,'C','Male','0',17.00,12.50,22.00,5.00,8.50,11.50,11.50,0.00,0.00,15.50,20.00,23.00,NULL,NULL,NULL,NULL,NULL,NULL,NULL,NULL,'I','2014-02-12',NULL,13.50,NULL,NULL),(208,9,101,'KRISHNA PRIYA BR',1,'C','Female','0',16.50,13.00,23.00,5.00,8.50,12.00,0.00,0.00,0.00,0.00,0.00,0.00,10.50,28.00,22.00,0.00,0.00,0.00,0.00,0.00,'I','2014-02-12',NULL,0.00,9.50,0.00),(209,9,102,'HARINANDA',1,'C','Female','0',18.00,13.50,24.00,5.50,9.50,12.00,NULL,NULL,NULL,NULL,NULL,NULL,10.50,27.00,28.00,NULL,NULL,NULL,NULL,NULL,'I','2014-02-12',NULL,NULL,10.50,0.00),(210,9,103,'MISRIYA MAHIN',1,'C','Female','0',18.00,12.50,23.00,5.00,8.50,11.50,NULL,NULL,NULL,NULL,NULL,NULL,10.50,27.00,23.50,NULL,NULL,NULL,NULL,NULL,'I','2014-02-12',NULL,NULL,9.50,0.00),(211,9,3,'AKASH SHINU',1,'C','Male','0',18.50,13.00,22.00,5.00,9.00,11.50,12.00,0.00,22.50,25.00,14.00,0.00,0.00,0.00,0.00,0.00,0.00,0.00,0.00,0.00,'I','2014-02-12',NULL,16.00,0.00,0.00),(212,9,4,'LAYA LOURDE SAMY',1,'C','Female','0',16.00,11.00,21.00,5.00,8.00,10.50,NULL,NULL,NULL,NULL,NULL,NULL,10.00,26.00,19.50,NULL,NULL,NULL,NULL,NULL,'I','2014-02-12',NULL,NULL,8.50,0.00),(213,9,104,'DILSH SAJI',1,'B','Male','0',17.50,13.00,22.00,5.00,8.50,11.50,10.00,0.00,21.00,22.50,14.00,0.00,0.00,0.00,0.00,0.00,0.00,0.00,0.00,0.00,'I','2014-02-12',NULL,16.00,0.00,0.00),(214,9,105,'WILFRED LALU',1,'B','Male','0',17.00,13.00,22.00,5.00,9.00,11.50,11.50,0.00,21.00,24.00,14.50,0.00,0.00,0.00,0.00,0.00,0.00,0.00,0.00,0.00,'I','2014-02-12',NULL,17.00,0.00,0.00),(215,9,106,'ADHIDEV C H',1,'B','Male','0',18.00,13.00,23.50,5.00,8.50,12.00,11.00,0.00,23.00,26.50,16.00,0.00,0.00,0.00,0.00,0.00,0.00,0.00,0.00,0.00,'I','2014-02-12',NULL,18.50,0.00,0.00),(216,9,107,'MOHAMMED ISMAIL V D',1,'B','Male','0',18.00,13.50,24.00,5.00,9.00,12.00,11.00,0.00,22.00,25.00,15.50,0.00,0.00,0.00,0.00,0.00,0.00,0.00,0.00,0.00,'I','2014-02-12',NULL,17.50,0.00,0.00),(217,9,108,'KRIPA R',1,'B','Male','0',17.00,12.50,21.00,5.00,8.50,11.50,10.50,0.00,20.50,24.00,14.00,0.00,0.00,0.00,0.00,0.00,0.00,0.00,0.00,0.00,'I','2014-02-12',NULL,16.00,0.00,0.00),(218,9,109,'HARIHARAN B',1,'B','Male','0',18.00,13.00,25.00,5.50,9.00,12.50,11.50,0.00,24.00,27.00,15.50,0.00,0.00,0.00,0.00,0.00,0.00,0.00,0.00,0.00,'I','2014-02-12',NULL,18.50,0.00,0.00),(219,9,110,'AABHIDEV MS',1,'B','Male','0',19.00,14.00,24.00,5.50,9.50,13.00,12.00,0.00,24.50,28.00,16.50,0.00,0.00,0.00,0.00,0.00,0.00,0.00,0.00,0.00,'I','2014-02-12',NULL,19.00,0.00,0.00),(220,9,5,'SREELAKSHMI S',1,'B','Female','0',17.00,12.00,21.00,5.50,8.00,11.50,NULL,NULL,NULL,NULL,NULL,NULL,10.50,28.00,22.00,NULL,NULL,NULL,NULL,NULL,'I','2014-02-12',NULL,NULL,9.00,0.00),(221,9,6,'ALIYA FATHIMA',1,'B','Female','0',16.00,12.00,23.00,5.00,8.00,11.50,NULL,NULL,NULL,NULL,NULL,NULL,10.00,26.50,20.50,NULL,NULL,NULL,NULL,NULL,'I','2014-02-12',NULL,NULL,8.50,0.00),(222,9,7,'ANNA ALEXANDER',1,'B','Female','0',16.00,12.50,21.50,5.00,8.50,11.50,NULL,NULL,NULL,NULL,NULL,NULL,10.00,27.50,20.00,NULL,NULL,NULL,NULL,NULL,'I','2014-02-12',NULL,NULL,9.00,0.00),(223,9,8,'SRUTHI DILEEP',1,'B','Female','0',16.00,13.00,21.50,5.00,8.50,11.50,NULL,NULL,NULL,NULL,NULL,NULL,11.00,26.00,23.00,NULL,NULL,NULL,NULL,NULL,'I','2014-02-12',NULL,NULL,9.50,0.00),(224,9,9,'NESRIYA K N',1,'B','Female','0',15.50,11.50,21.00,5.00,7.50,11.00,NULL,NULL,NULL,NULL,NULL,NULL,10.00,26.50,19.00,NULL,NULL,NULL,NULL,NULL,'I','2014-02-12',NULL,NULL,9.00,0.00),(225,9,10,'GOURI PS',1,'B','Female','0',15.00,11.50,21.00,5.00,8.00,11.00,NULL,NULL,NULL,NULL,NULL,NULL,10.00,26.50,19.00,NULL,NULL,NULL,NULL,NULL,'I','2014-02-12',NULL,NULL,8.50,0.00),(226,9,11,'RESHMI S',1,'B','Female','0',16.00,12.50,22.00,5.50,8.50,11.50,NULL,NULL,NULL,NULL,NULL,NULL,10.50,29.00,21.00,NULL,NULL,NULL,NULL,NULL,'I','2014-02-12',NULL,NULL,10.00,0.00),(227,9,12,'FIONA JOJI',1,'B','Female','0',15.00,12.00,21.50,4.00,8.00,11.50,0.00,0.00,0.00,0.00,0.00,0.00,10.00,26.50,20.00,0.00,0.00,0.00,0.00,0.00,'I','2014-02-12',NULL,0.00,8.50,0.00),(228,9,13,'NIHAARIKA KIRAN',1,'B','Female','0',16.00,13.00,22.50,5.00,8.50,12.00,NULL,NULL,NULL,NULL,NULL,NULL,11.00,30.00,20.50,NULL,NULL,NULL,NULL,NULL,'I','2014-02-12',NULL,NULL,9.50,0.00),(229,9,14,'DAYANA R S',1,'B','Female','0',15.00,11.50,22.00,5.00,8.00,11.00,NULL,NULL,NULL,NULL,NULL,NULL,9.50,25.50,19.50,NULL,NULL,NULL,NULL,NULL,'I','2014-02-12',NULL,NULL,8.50,0.00),(230,9,111,'NANDHA GOPAL S',1,'D','Male','0',16.00,12.00,22.00,5.00,8.00,11.50,12.00,0.00,0.00,18.00,20.50,24.00,NULL,NULL,NULL,NULL,NULL,NULL,NULL,NULL,'I','2014-02-12',NULL,15.00,NULL,NULL),(231,9,112,'LIVIN JOSHY',1,'C','Male','0',18.50,13.00,23.00,5.50,9.00,12.50,11.50,0.00,0.00,18.00,21.00,25.00,NULL,NULL,NULL,NULL,NULL,NULL,NULL,NULL,'I','2014-02-12',NULL,15.50,NULL,NULL),(232,9,113,'ABIJITH SUNIL',1,'D','Male','0',17.50,11.50,23.00,5.50,8.50,11.50,11.50,0.00,0.00,15.50,20.00,23.00,NULL,NULL,NULL,NULL,NULL,NULL,NULL,NULL,'I','2014-02-12',NULL,13.50,NULL,NULL),(233,9,114,'ARJUM REJI',1,'D','Male','0',19.50,14.00,24.50,5.50,9.00,13.00,12.00,0.00,0.00,19.00,23.00,26.00,NULL,NULL,NULL,NULL,NULL,NULL,NULL,NULL,'I','2014-02-12',NULL,15.50,NULL,NULL),(234,9,115,'ABHINAV KRISHNA PB',1,'D','Male','0',17.00,13.00,21.00,5.50,8.50,11.50,12.00,0.00,0.00,16.00,21.00,23.00,NULL,NULL,NULL,NULL,NULL,NULL,NULL,NULL,'I','2014-02-12',NULL,13.50,NULL,NULL),(235,9,116,'MUHAMMED IRFAN PS',1,'D','Male','0',16.50,12.50,24.00,5.50,9.00,11.50,12.00,0.00,0.00,18.50,21.00,24.00,NULL,NULL,NULL,NULL,NULL,NULL,NULL,NULL,'I','2014-02-12',NULL,15.00,NULL,NULL),(236,9,117,'EMMANUEL V SONY',1,'D','Male','0',17.50,12.00,20.50,5.00,8.50,11.00,11.00,0.00,0.00,16.00,19.50,21.50,NULL,NULL,NULL,NULL,NULL,NULL,NULL,NULL,'I','2014-02-12',NULL,14.00,NULL,NULL),(237,9,15,'NANDANA HARI',1,'D','Female','0',15.50,11.00,23.00,5.00,8.00,11.00,NULL,NULL,NULL,NULL,NULL,NULL,10.50,26.00,22.00,NULL,NULL,NULL,NULL,NULL,'I','2014-02-12',NULL,NULL,9.00,0.00),(238,9,16,'KAREENA SONY',1,'D','Female','0',17.50,12.50,23.00,5.50,9.00,11.50,NULL,NULL,NULL,NULL,NULL,NULL,11.00,28.00,23.00,NULL,NULL,NULL,NULL,NULL,'I','2014-02-12',NULL,NULL,10.00,0.00),(239,9,17,'SHIVANI RAMESH',1,'D','Female','0',16.00,12.50,23.00,5.00,8.00,11.50,NULL,NULL,NULL,NULL,NULL,NULL,10.50,28.00,22.00,NULL,NULL,NULL,NULL,NULL,'I','2014-02-12',NULL,NULL,9.50,0.00),(240,9,18,'ANN MARY AQUNA',1,'D','Female','0',15.00,12.00,22.00,5.50,8.00,11.50,NULL,NULL,NULL,NULL,NULL,NULL,10.50,26.00,20.00,NULL,NULL,NULL,NULL,NULL,'I','2014-02-12',NULL,NULL,9.00,0.00),(241,9,118,'RAKESH KUMAR',1,'A','Male','0',18.00,12.00,23.00,5.00,9.00,11.50,11.50,0.00,0.00,17.50,22.00,24.00,NULL,NULL,NULL,NULL,NULL,NULL,NULL,NULL,'I','2014-02-12',NULL,14.50,NULL,NULL),(242,9,119,'JAZEEM FARHAN PS',1,'A','Male','0',19.00,13.50,23.00,5.00,9.00,12.00,12.00,0.00,0.00,18.00,22.00,26.00,NULL,NULL,NULL,NULL,NULL,NULL,NULL,NULL,'I','2014-02-12',NULL,15.50,NULL,NULL),(243,9,120,'AMAN YASIR CM',1,'A','Male','0',16.50,11.50,22.00,5.00,8.50,11.50,11.00,0.00,0.00,17.00,20.00,23.00,NULL,NULL,NULL,NULL,NULL,NULL,NULL,NULL,'I','2014-02-12',NULL,14.50,NULL,NULL),(244,9,121,'SHOYAL JOHNSON',1,'B','Male','0',19.00,13.50,25.00,5.50,10.00,13.00,12.50,0.00,0.00,19.00,24.00,28.00,NULL,NULL,NULL,NULL,NULL,NULL,NULL,NULL,'I','2014-02-12',NULL,16.50,NULL,NULL),(245,9,122,'HEVIN SEBASTIN',1,'A','Male','0',17.50,13.00,22.00,5.50,9.00,12.50,12.00,0.00,0.00,17.00,20.50,24.00,NULL,NULL,NULL,NULL,NULL,NULL,NULL,NULL,'I','2014-02-12',NULL,14.00,NULL,NULL),(246,9,123,'NAVNEETH KRISHNA',1,'A','Male','0',16.00,12.00,21.00,5.00,8.50,11.50,11.00,0.00,0.00,16.00,20.50,23.00,NULL,NULL,NULL,NULL,NULL,NULL,NULL,NULL,'I','2014-02-12',NULL,14.00,NULL,NULL),(247,9,124,'ALWIN AJAY GEORGE',1,'A','Male','0',17.50,12.00,22.00,5.50,10.50,11.50,12.00,0.00,0.00,17.00,21.50,24.00,NULL,NULL,NULL,NULL,NULL,NULL,NULL,NULL,'I','2014-02-12',NULL,14.50,NULL,NULL),(248,9,125,'MADHAV MANOJ',1,'A','Male','0',20.00,14.00,24.50,5.50,10.00,13.00,13.50,0.00,0.00,20.00,24.50,28.00,NULL,NULL,NULL,NULL,NULL,NULL,NULL,NULL,'I','2014-02-12',NULL,17.00,NULL,NULL),(249,9,126,'SREEHARI KS',1,'A','Male','0',18.00,12.50,22.00,5.00,9.00,12.00,11.50,0.00,0.00,17.00,21.50,24.00,NULL,NULL,NULL,NULL,NULL,NULL,NULL,NULL,'I','2014-02-12',NULL,14.00,NULL,NULL),(250,9,127,'ADWAITH CB',1,'A','Male','0',17.00,13.50,24.00,5.50,9.50,12.00,12.00,0.00,0.00,16.50,21.00,24.00,NULL,NULL,NULL,NULL,NULL,NULL,NULL,NULL,'I','2014-02-12',NULL,14.00,NULL,NULL),(251,9,19,'MARIYAM SARA MATHEW',1,'A','Female','0',15.50,12.00,24.00,5.50,8.50,11.50,NULL,NULL,NULL,NULL,NULL,NULL,10.00,28.00,22.00,NULL,NULL,NULL,NULL,NULL,'I','2014-02-12',NULL,NULL,9.50,0.00),(252,9,20,'SUHANI SUNIL',1,'A','Female','0',16.00,12.50,22.00,5.00,8.00,11.50,NULL,NULL,NULL,NULL,NULL,NULL,10.50,27.00,20.00,NULL,NULL,NULL,NULL,NULL,'I','2014-02-12',NULL,NULL,9.50,0.00),(253,9,21,'SRADHA SHINTOS',1,'A','Female','0',15.50,12.00,22.00,5.00,7.50,11.50,NULL,NULL,NULL,NULL,NULL,NULL,10.50,27.00,20.50,NULL,NULL,NULL,NULL,NULL,'I','2014-02-12',NULL,NULL,9.50,0.00),(254,9,22,'AMRITHA PS',1,'A','Female','0',14.50,10.50,20.00,5.00,7.00,11.00,NULL,NULL,NULL,NULL,NULL,NULL,9.00,25.50,18.00,NULL,NULL,NULL,NULL,NULL,'I','2014-02-12',NULL,NULL,8.50,0.00),(255,9,23,'ARYALAKSHMI CB',1,'A','Female','0',16.00,12.50,23.00,5.00,8.50,11.50,NULL,NULL,NULL,NULL,NULL,NULL,11.00,27.50,22.00,NULL,NULL,NULL,NULL,NULL,'I','2014-02-12',NULL,NULL,9.00,0.00),(256,9,24,'FEBA MARY OL',1,'A','Female','0',14.50,11.50,21.00,5.00,8.00,11.00,NULL,NULL,NULL,NULL,NULL,NULL,9.50,26.00,18.50,NULL,NULL,NULL,NULL,NULL,'I','2014-02-12',NULL,NULL,9.00,0.00),(257,9,25,'MS PAVITHRA',1,'A','Female','0',15.00,13.00,23.00,5.00,8.50,12.00,NULL,NULL,NULL,NULL,NULL,NULL,10.50,26.50,22.00,NULL,NULL,NULL,NULL,NULL,'I','2014-02-12',NULL,NULL,10.50,0.00),(258,9,26,'FATHIMA SUHANA',1,'A','Female','0',15.50,12.00,22.00,5.00,8.50,11.50,NULL,NULL,NULL,NULL,NULL,NULL,9.50,27.50,21.00,NULL,NULL,NULL,NULL,NULL,'I','2014-02-12',NULL,NULL,9.00,0.00),(259,9,128,'AKASH KS',1,'B','Male','0',18.00,12.00,22.00,5.00,9.00,11.50,11.50,0.00,0.00,16.00,21.00,24.00,NULL,NULL,NULL,NULL,NULL,NULL,NULL,NULL,'I','2014-02-12',NULL,14.00,NULL,NULL),(260,9,129,'AYMAN ISHAN',1,'B','Male','0',18.50,12.50,23.00,5.00,8.50,11.50,11.00,0.00,0.00,16.00,20.50,23.50,NULL,NULL,NULL,NULL,NULL,NULL,NULL,NULL,'I','2014-02-12',NULL,14.00,NULL,NULL),(261,9,34,'123',8,'A','Female','0',2.00,2.00,2.00,2.00,2.00,2.00,2.00,2.00,2.00,2.00,2.00,2.00,NULL,NULL,NULL,2.00,2.00,2.00,2.00,2.00,'I','2014-02-18',NULL,2.00,NULL,NULL);
/*!40000 ALTER TABLE `mst_student` ENABLE KEYS */;
UNLOCK TABLES;

--
-- Table structure for table `mst_student_detail`
--

DROP TABLE IF EXISTS `mst_student_detail`;
/*!40101 SET @saved_cs_client     = @@character_set_client */;
/*!40101 SET character_set_client = utf8 */;
CREATE TABLE `mst_student_detail` (
  `SL_NO` int(11) NOT NULL AUTO_INCREMENT,
  `STSL_NO` int(11) NOT NULL,
  `ITEM_NO` int(11) NOT NULL,
  `QTY` int(11) NOT NULL,
  `FLAG` varchar(2) NOT NULL,
  `DATE_CREATED` date NOT NULL,
  `DATE_UPDATED` date DEFAULT NULL,
  PRIMARY KEY (`SL_NO`),
  KEY `MST_STUDENT_DETAIL_FR1` (`ITEM_NO`),
  KEY `MST_STUDENT_DETAIL_FR2` (`STSL_NO`),
  CONSTRAINT `MST_STUDENT_DETAIL_FR1` FOREIGN KEY (`ITEM_NO`) REFERENCES `mst_item` (`ITEM_NO`),
  CONSTRAINT `MST_STUDENT_DETAIL_FR2` FOREIGN KEY (`STSL_NO`) REFERENCES `mst_student` (`STSL_NO`)
) ENGINE=InnoDB AUTO_INCREMENT=1092 DEFAULT CHARSET=latin1;
/*!40101 SET character_set_client = @saved_cs_client */;

--
-- Dumping data for table `mst_student_detail`
--

LOCK TABLES `mst_student_detail` WRITE;
/*!40000 ALTER TABLE `mst_student_detail` DISABLE KEYS */;
INSERT INTO `mst_student_detail` VALUES (351,109,79,2,'I','2014-02-08',NULL),(352,109,93,2,'I','2014-02-08',NULL),(353,109,83,1,'I','2014-02-08',NULL),(354,109,91,1,'I','2014-02-08',NULL),(355,109,78,1,'I','2014-02-08',NULL),(356,110,87,1,'I','2014-02-08',NULL),(357,110,88,2,'I','2014-02-08',NULL),(358,110,89,1,'I','2014-02-08',NULL),(359,110,92,2,'I','2014-02-08',NULL),(360,110,90,1,'I','2014-02-08',NULL),(361,110,96,1,'I','2014-02-08',NULL),(362,110,97,1,'I','2014-02-08',NULL),(363,111,96,1,'I','2014-02-08',NULL),(364,111,97,1,'I','2014-02-08',NULL),(365,111,78,1,'I','2014-02-08',NULL),(366,111,79,2,'I','2014-02-08',NULL),(367,111,83,1,'I','2014-02-08',NULL),(368,111,91,1,'I','2014-02-08',NULL),(369,111,93,2,'I','2014-02-08',NULL),(370,112,79,2,'I','2014-02-08',NULL),(371,112,93,2,'I','2014-02-08',NULL),(372,112,78,1,'I','2014-02-08',NULL),(373,112,83,1,'I','2014-02-08',NULL),(374,112,91,1,'I','2014-02-08',NULL),(375,112,96,1,'I','2014-02-08',NULL),(376,112,97,1,'I','2014-02-08',NULL),(377,113,79,2,'I','2014-02-08',NULL),(378,113,93,2,'I','2014-02-08',NULL),(379,113,78,1,'I','2014-02-08',NULL),(380,113,83,1,'I','2014-02-08',NULL),(381,113,91,1,'I','2014-02-08',NULL),(382,113,96,1,'I','2014-02-08',NULL),(383,113,97,1,'I','2014-02-08',NULL),(384,114,79,2,'I','2014-02-08',NULL),(385,114,93,2,'I','2014-02-08',NULL),(386,114,78,1,'I','2014-02-08',NULL),(387,114,83,1,'I','2014-02-08',NULL),(388,114,91,1,'I','2014-02-08',NULL),(389,114,96,1,'I','2014-02-08',NULL),(390,114,97,1,'I','2014-02-08',NULL),(391,115,79,2,'I','2014-02-08',NULL),(392,115,93,2,'I','2014-02-08',NULL),(393,115,78,1,'I','2014-02-08',NULL),(394,115,83,1,'I','2014-02-08',NULL),(395,115,91,1,'I','2014-02-08',NULL),(396,115,96,1,'I','2014-02-08',NULL),(397,115,97,1,'I','2014-02-08',NULL),(398,116,79,2,'I','2014-02-08',NULL),(399,116,93,2,'I','2014-02-08',NULL),(400,116,83,1,'I','2014-02-08',NULL),(401,116,91,1,'I','2014-02-08',NULL),(402,116,96,1,'I','2014-02-08',NULL),(403,116,97,1,'I','2014-02-08',NULL),(404,116,78,1,'I','2014-02-08',NULL),(405,117,79,2,'I','2014-02-08',NULL),(406,117,93,2,'I','2014-02-08',NULL),(407,117,78,1,'I','2014-02-08',NULL),(408,117,83,1,'I','2014-02-08',NULL),(409,117,91,1,'I','2014-02-08',NULL),(410,117,96,1,'I','2014-02-08',NULL),(411,118,79,2,'I','2014-02-08',NULL),(412,118,93,2,'I','2014-02-08',NULL),(413,118,78,1,'I','2014-02-08',NULL),(414,118,83,1,'I','2014-02-08',NULL),(415,118,91,1,'I','2014-02-08',NULL),(416,118,96,1,'I','2014-02-08',NULL),(417,118,97,1,'I','2014-02-08',NULL),(418,119,79,2,'I','2014-02-08',NULL),(419,119,93,2,'I','2014-02-08',NULL),(420,119,78,1,'I','2014-02-08',NULL),(421,119,83,1,'I','2014-02-08',NULL),(422,119,91,1,'I','2014-02-08',NULL),(423,119,96,1,'I','2014-02-08',NULL),(424,119,97,1,'I','2014-02-08',NULL),(425,120,79,2,'I','2014-02-08',NULL),(426,120,93,2,'I','2014-02-08',NULL),(427,120,78,1,'I','2014-02-08',NULL),(428,120,83,1,'I','2014-02-08',NULL),(429,120,91,1,'I','2014-02-08',NULL),(430,120,96,1,'I','2014-02-08',NULL),(431,120,97,1,'I','2014-02-08',NULL),(432,121,79,2,'I','2014-02-08',NULL),(433,121,93,2,'I','2014-02-08',NULL),(434,121,78,1,'I','2014-02-08',NULL),(435,121,83,1,'I','2014-02-08',NULL),(436,121,91,1,'I','2014-02-08',NULL),(437,121,96,1,'I','2014-02-08',NULL),(438,121,97,1,'I','2014-02-08',NULL),(439,122,79,2,'I','2014-02-08',NULL),(440,122,93,2,'I','2014-02-08',NULL),(441,122,83,1,'I','2014-02-08',NULL),(442,122,91,1,'I','2014-02-08',NULL),(443,122,96,1,'I','2014-02-08',NULL),(444,122,97,1,'I','2014-02-08',NULL),(445,122,78,1,'I','2014-02-08',NULL),(446,123,79,2,'I','2014-02-08',NULL),(447,123,93,2,'I','2014-02-08',NULL),(448,123,78,1,'I','2014-02-08',NULL),(449,123,83,1,'I','2014-02-08',NULL),(450,123,91,1,'I','2014-02-08',NULL),(451,123,96,1,'I','2014-02-08',NULL),(452,123,97,1,'I','2014-02-08',NULL),(453,124,79,2,'I','2014-02-08',NULL),(454,124,93,2,'I','2014-02-08',NULL),(455,124,78,1,'I','2014-02-08',NULL),(456,124,83,1,'I','2014-02-08',NULL),(457,124,91,1,'I','2014-02-08',NULL),(458,124,96,1,'I','2014-02-08',NULL),(459,124,97,1,'I','2014-02-08',NULL),(460,125,79,2,'I','2014-02-08',NULL),(461,125,93,2,'I','2014-02-08',NULL),(462,125,83,1,'I','2014-02-08',NULL),(463,125,91,1,'I','2014-02-08',NULL),(464,125,78,1,'I','2014-02-08',NULL),(465,125,96,1,'I','2014-02-08',NULL),(466,125,97,1,'I','2014-02-08',NULL),(467,126,79,2,'I','2014-02-08',NULL),(468,126,93,2,'I','2014-02-08',NULL),(469,126,78,1,'I','2014-02-08',NULL),(470,126,83,1,'I','2014-02-08',NULL),(471,126,91,1,'I','2014-02-08',NULL),(472,126,96,1,'I','2014-02-08',NULL),(473,126,97,1,'I','2014-02-08',NULL),(474,127,79,2,'I','2014-02-08',NULL),(475,127,93,2,'I','2014-02-08',NULL),(476,127,78,1,'I','2014-02-08',NULL),(477,127,83,1,'I','2014-02-08',NULL),(478,127,91,1,'I','2014-02-08',NULL),(479,127,96,1,'I','2014-02-08',NULL),(480,127,97,1,'I','2014-02-08',NULL),(481,128,79,2,'I','2014-02-08',NULL),(482,128,93,2,'I','2014-02-08',NULL),(483,128,83,1,'I','2014-02-08',NULL),(484,128,91,1,'I','2014-02-08',NULL),(485,128,78,1,'I','2014-02-08',NULL),(486,128,96,1,'I','2014-02-08',NULL),(487,128,97,1,'I','2014-02-08',NULL),(488,129,79,2,'I','2014-02-08',NULL),(489,129,93,2,'I','2014-02-08',NULL),(490,129,83,1,'I','2014-02-08',NULL),(491,129,91,1,'I','2014-02-08',NULL),(492,129,96,1,'I','2014-02-08',NULL),(493,129,97,1,'I','2014-02-08',NULL),(494,129,78,1,'I','2014-02-08',NULL),(495,130,79,2,'I','2014-02-08',NULL),(496,130,93,2,'I','2014-02-08',NULL),(497,130,78,1,'I','2014-02-08',NULL),(498,130,83,1,'I','2014-02-08',NULL),(499,130,91,1,'I','2014-02-08',NULL),(500,130,96,1,'I','2014-02-08',NULL),(501,130,97,1,'I','2014-02-08',NULL),(502,131,79,2,'I','2014-02-08',NULL),(503,131,93,2,'I','2014-02-08',NULL),(504,131,78,1,'I','2014-02-08',NULL),(505,131,83,1,'I','2014-02-08',NULL),(506,131,91,1,'I','2014-02-08',NULL),(507,131,96,1,'I','2014-02-08',NULL),(508,131,97,1,'I','2014-02-08',NULL),(509,132,79,2,'I','2014-02-08',NULL),(510,132,93,2,'I','2014-02-08',NULL),(511,132,78,1,'I','2014-02-08',NULL),(512,132,83,1,'I','2014-02-08',NULL),(513,132,91,1,'I','2014-02-08',NULL),(514,132,96,1,'I','2014-02-08',NULL),(515,132,97,1,'I','2014-02-08',NULL),(516,133,88,2,'I','2014-02-10',NULL),(517,133,92,2,'I','2014-02-10',NULL),(518,133,96,1,'I','2014-02-10',NULL),(519,133,89,1,'I','2014-02-10',NULL),(520,133,90,1,'I','2014-02-10',NULL),(521,133,97,1,'I','2014-02-10',NULL),(522,133,87,1,'I','2014-02-10',NULL),(523,134,96,1,'I','2014-02-10',NULL),(524,134,88,2,'I','2014-02-10',NULL),(525,134,92,2,'I','2014-02-10',NULL),(526,134,87,1,'I','2014-02-10',NULL),(527,134,89,1,'I','2014-02-10',NULL),(528,134,90,1,'I','2014-02-10',NULL),(529,134,97,1,'I','2014-02-10',NULL),(530,135,96,1,'I','2014-02-10',NULL),(531,135,88,2,'I','2014-02-10',NULL),(532,135,92,2,'I','2014-02-10',NULL),(533,135,87,1,'I','2014-02-10',NULL),(534,135,89,1,'I','2014-02-10',NULL),(535,135,90,1,'I','2014-02-10',NULL),(536,135,97,1,'I','2014-02-10',NULL),(537,136,96,1,'I','2014-02-10',NULL),(538,136,88,2,'I','2014-02-10',NULL),(539,136,92,2,'I','2014-02-10',NULL),(540,136,87,1,'I','2014-02-10',NULL),(541,136,89,1,'I','2014-02-10',NULL),(542,136,90,1,'I','2014-02-10',NULL),(543,136,97,1,'I','2014-02-10',NULL),(544,137,96,1,'I','2014-02-10',NULL),(545,137,88,2,'I','2014-02-10',NULL),(546,137,92,2,'I','2014-02-10',NULL),(547,137,87,1,'I','2014-02-10',NULL),(548,137,89,1,'I','2014-02-10',NULL),(549,137,90,1,'I','2014-02-10',NULL),(550,137,97,1,'I','2014-02-10',NULL),(551,138,96,1,'I','2014-02-10',NULL),(552,138,88,2,'I','2014-02-10',NULL),(553,138,92,2,'I','2014-02-10',NULL),(554,138,87,1,'I','2014-02-10',NULL),(555,138,89,1,'I','2014-02-10',NULL),(556,138,90,1,'I','2014-02-10',NULL),(557,138,97,1,'I','2014-02-10',NULL),(558,139,96,1,'I','2014-02-10',NULL),(559,139,89,1,'I','2014-02-10',NULL),(560,139,90,1,'I','2014-02-10',NULL),(561,139,97,1,'I','2014-02-10',NULL),(562,139,87,1,'I','2014-02-10',NULL),(563,139,88,2,'I','2014-02-10',NULL),(564,139,92,2,'I','2014-02-10',NULL),(565,140,96,1,'I','2014-02-10',NULL),(566,140,87,1,'I','2014-02-10',NULL),(567,140,89,1,'I','2014-02-10',NULL),(568,140,90,1,'I','2014-02-10',NULL),(569,140,97,1,'I','2014-02-10',NULL),(570,140,88,2,'I','2014-02-10',NULL),(571,140,92,2,'I','2014-02-10',NULL),(572,141,96,1,'I','2014-02-10',NULL),(573,141,87,1,'I','2014-02-10',NULL),(574,141,89,1,'I','2014-02-10',NULL),(575,141,90,1,'I','2014-02-10',NULL),(576,141,97,1,'I','2014-02-10',NULL),(577,141,88,2,'I','2014-02-10',NULL),(578,141,92,2,'I','2014-02-10',NULL),(579,142,96,1,'I','2014-02-10',NULL),(580,142,87,1,'I','2014-02-10',NULL),(581,142,89,1,'I','2014-02-10',NULL),(582,142,90,1,'I','2014-02-10',NULL),(583,142,97,1,'I','2014-02-10',NULL),(584,142,88,2,'I','2014-02-10',NULL),(585,142,92,2,'I','2014-02-10',NULL),(586,143,96,1,'I','2014-02-10',NULL),(587,143,87,1,'I','2014-02-10',NULL),(588,143,89,1,'I','2014-02-10',NULL),(589,143,90,1,'I','2014-02-10',NULL),(590,143,97,1,'I','2014-02-10',NULL),(591,143,88,2,'I','2014-02-10',NULL),(592,143,92,2,'I','2014-02-10',NULL),(593,144,96,1,'I','2014-02-10',NULL),(594,144,87,1,'I','2014-02-10',NULL),(595,144,89,1,'I','2014-02-10',NULL),(596,144,90,1,'I','2014-02-10',NULL),(597,144,97,1,'I','2014-02-10',NULL),(598,144,88,2,'I','2014-02-10',NULL),(599,144,92,2,'I','2014-02-10',NULL),(600,145,96,1,'I','2014-02-10',NULL),(601,145,87,1,'I','2014-02-10',NULL),(602,145,89,1,'I','2014-02-10',NULL),(603,145,90,1,'I','2014-02-10',NULL),(604,145,97,1,'I','2014-02-10',NULL),(605,145,88,2,'I','2014-02-10',NULL),(606,145,92,2,'I','2014-02-10',NULL),(607,146,96,1,'I','2014-02-10',NULL),(608,146,87,1,'I','2014-02-10',NULL),(609,146,89,1,'I','2014-02-10',NULL),(610,146,90,1,'I','2014-02-10',NULL),(611,146,97,1,'I','2014-02-10',NULL),(612,146,88,2,'I','2014-02-10',NULL),(613,146,92,2,'I','2014-02-10',NULL),(614,147,87,1,'I','2014-02-10',NULL),(615,147,89,1,'I','2014-02-10',NULL),(616,147,90,1,'I','2014-02-10',NULL),(617,147,97,1,'I','2014-02-10',NULL),(618,147,88,2,'I','2014-02-10',NULL),(619,147,92,2,'I','2014-02-10',NULL),(620,147,96,1,'I','2014-02-10',NULL),(621,148,96,1,'I','2014-02-10',NULL),(622,148,87,1,'I','2014-02-10',NULL),(623,148,89,1,'I','2014-02-10',NULL),(624,148,90,1,'I','2014-02-10',NULL),(625,148,97,1,'I','2014-02-10',NULL),(626,148,88,2,'I','2014-02-10',NULL),(627,148,92,2,'I','2014-02-10',NULL),(628,149,96,1,'I','2014-02-10',NULL),(629,149,87,1,'I','2014-02-10',NULL),(630,149,89,1,'I','2014-02-10',NULL),(631,149,90,1,'I','2014-02-10',NULL),(632,149,97,1,'I','2014-02-10',NULL),(633,149,88,2,'I','2014-02-10',NULL),(634,149,92,2,'I','2014-02-10',NULL),(635,150,96,1,'I','2014-02-10',NULL),(636,150,87,1,'I','2014-02-10',NULL),(637,150,89,1,'I','2014-02-10',NULL),(638,150,90,1,'I','2014-02-10',NULL),(639,150,97,1,'I','2014-02-10',NULL),(640,150,88,2,'I','2014-02-10',NULL),(641,150,92,2,'I','2014-02-10',NULL),(642,151,96,1,'I','2014-02-10',NULL),(643,151,87,1,'I','2014-02-10',NULL),(644,151,89,1,'I','2014-02-10',NULL),(645,151,90,1,'I','2014-02-10',NULL),(646,151,97,1,'I','2014-02-10',NULL),(647,151,88,2,'I','2014-02-10',NULL),(648,151,92,2,'I','2014-02-10',NULL),(649,152,96,1,'I','2014-02-10',NULL),(650,152,87,1,'I','2014-02-10',NULL),(651,152,89,1,'I','2014-02-10',NULL),(652,152,90,1,'I','2014-02-10',NULL),(653,152,97,1,'I','2014-02-10',NULL),(654,152,88,2,'I','2014-02-10',NULL),(655,152,92,2,'I','2014-02-10',NULL),(656,153,96,1,'I','2014-02-10',NULL),(657,153,87,1,'I','2014-02-10',NULL),(658,153,89,1,'I','2014-02-10',NULL),(659,153,90,1,'I','2014-02-10',NULL),(660,153,97,1,'I','2014-02-10',NULL),(661,153,88,2,'I','2014-02-10',NULL),(662,153,92,2,'I','2014-02-10',NULL),(663,154,96,1,'I','2014-02-10',NULL),(664,154,87,1,'I','2014-02-10',NULL),(665,154,89,1,'I','2014-02-10',NULL),(666,154,90,1,'I','2014-02-10',NULL),(667,154,97,1,'I','2014-02-10',NULL),(668,154,92,2,'I','2014-02-10',NULL),(669,154,88,2,'I','2014-02-10',NULL),(670,155,96,1,'I','2014-02-10',NULL),(671,155,87,1,'I','2014-02-10',NULL),(672,155,89,1,'I','2014-02-10',NULL),(673,155,90,1,'I','2014-02-10',NULL),(674,155,97,1,'I','2014-02-10',NULL),(675,155,88,2,'I','2014-02-10',NULL),(676,155,92,2,'I','2014-02-10',NULL),(677,156,96,1,'I','2014-02-10',NULL),(678,156,87,1,'I','2014-02-10',NULL),(679,156,89,1,'I','2014-02-10',NULL),(680,156,90,1,'I','2014-02-10',NULL),(681,156,97,1,'I','2014-02-10',NULL),(682,156,88,2,'I','2014-02-10',NULL),(683,156,92,2,'I','2014-02-10',NULL),(684,157,96,1,'I','2014-02-10',NULL),(685,157,87,1,'I','2014-02-10',NULL),(686,157,89,1,'I','2014-02-10',NULL),(687,157,90,1,'I','2014-02-10',NULL),(688,157,97,1,'I','2014-02-10',NULL),(689,157,88,2,'I','2014-02-10',NULL),(690,157,92,2,'I','2014-02-10',NULL),(691,158,96,1,'I','2014-02-10',NULL),(692,158,87,1,'I','2014-02-10',NULL),(693,158,89,1,'I','2014-02-10',NULL),(694,158,90,1,'I','2014-02-10',NULL),(695,158,97,1,'I','2014-02-10',NULL),(696,158,88,2,'I','2014-02-10',NULL),(697,158,92,2,'I','2014-02-10',NULL),(698,159,96,1,'I','2014-02-10',NULL),(699,159,87,1,'I','2014-02-10',NULL),(700,159,89,1,'I','2014-02-10',NULL),(701,159,90,1,'I','2014-02-10',NULL),(702,159,97,1,'I','2014-02-10',NULL),(703,159,88,2,'I','2014-02-10',NULL),(704,159,92,2,'I','2014-02-10',NULL),(705,160,96,1,'I','2014-02-10',NULL),(706,160,87,1,'I','2014-02-10',NULL),(707,160,89,1,'I','2014-02-10',NULL),(708,160,90,1,'I','2014-02-10',NULL),(709,160,97,1,'I','2014-02-10',NULL),(710,160,88,2,'I','2014-02-10',NULL),(711,160,92,2,'I','2014-02-10',NULL),(712,161,96,1,'I','2014-02-10',NULL),(713,161,87,1,'I','2014-02-10',NULL),(714,161,89,1,'I','2014-02-10',NULL),(715,161,90,1,'I','2014-02-10',NULL),(716,161,97,1,'I','2014-02-10',NULL),(717,161,88,2,'I','2014-02-10',NULL),(718,161,92,2,'I','2014-02-10',NULL),(719,162,96,1,'I','2014-02-10',NULL),(720,162,87,1,'I','2014-02-10',NULL),(721,162,89,1,'I','2014-02-10',NULL),(722,162,90,1,'I','2014-02-10',NULL),(723,162,97,1,'I','2014-02-10',NULL),(724,162,88,2,'I','2014-02-10',NULL),(725,162,92,2,'I','2014-02-10',NULL),(726,163,96,1,'I','2014-02-10',NULL),(727,163,87,1,'I','2014-02-10',NULL),(728,163,89,1,'I','2014-02-10',NULL),(729,163,90,1,'I','2014-02-10',NULL),(730,163,97,1,'I','2014-02-10',NULL),(731,163,88,2,'I','2014-02-10',NULL),(732,163,92,2,'I','2014-02-10',NULL),(733,164,96,1,'I','2014-02-10',NULL),(734,164,87,1,'I','2014-02-10',NULL),(735,164,89,1,'I','2014-02-10',NULL),(736,164,90,1,'I','2014-02-10',NULL),(737,164,97,1,'I','2014-02-10',NULL),(738,164,88,2,'I','2014-02-10',NULL),(739,164,92,2,'I','2014-02-10',NULL),(740,165,96,1,'I','2014-02-10',NULL),(741,165,87,1,'I','2014-02-10',NULL),(742,165,89,1,'I','2014-02-10',NULL),(743,165,90,1,'I','2014-02-10',NULL),(744,165,97,1,'I','2014-02-10',NULL),(745,165,88,2,'I','2014-02-10',NULL),(746,165,92,2,'I','2014-02-10',NULL),(747,166,88,1,'I','2014-02-10',NULL),(748,166,92,1,'I','2014-02-10',NULL),(749,166,89,1,'I','2014-02-10',NULL),(750,166,90,1,'I','2014-02-10',NULL),(751,167,95,1,'I','2014-02-10',NULL),(752,167,80,1,'I','2014-02-10',NULL),(753,167,93,1,'I','2014-02-10',NULL),(754,167,96,1,'I','2014-02-10',NULL),(755,168,76,2,'I','2014-02-10',NULL),(756,168,77,2,'I','2014-02-10',NULL),(757,168,78,1,'I','2014-02-10',NULL),(758,169,76,2,'I','2014-02-10',NULL),(759,169,77,2,'I','2014-02-10',NULL),(760,169,78,1,'I','2014-02-10',NULL),(761,170,76,2,'I','2014-02-10',NULL),(762,170,77,2,'I','2014-02-10',NULL),(763,170,78,1,'I','2014-02-10',NULL),(764,171,76,2,'I','2014-02-10',NULL),(765,171,77,2,'I','2014-02-10',NULL),(766,171,78,1,'I','2014-02-10',NULL),(767,172,76,2,'I','2014-02-10',NULL),(768,172,77,2,'I','2014-02-10',NULL),(769,172,78,1,'I','2014-02-10',NULL),(770,173,76,2,'I','2014-02-10',NULL),(771,173,77,2,'I','2014-02-10',NULL),(772,173,78,1,'I','2014-02-10',NULL),(773,174,76,2,'I','2014-02-10',NULL),(774,174,77,2,'I','2014-02-10',NULL),(775,174,78,1,'I','2014-02-10',NULL),(776,175,76,2,'I','2014-02-10',NULL),(777,175,77,2,'I','2014-02-10',NULL),(778,176,76,2,'I','2014-02-10',NULL),(779,176,77,2,'I','2014-02-10',NULL),(780,176,78,1,'I','2014-02-10',NULL),(781,177,76,2,'I','2014-02-10',NULL),(782,177,77,2,'I','2014-02-10',NULL),(783,177,78,1,'I','2014-02-10',NULL),(784,178,76,2,'I','2014-02-10',NULL),(785,178,77,2,'I','2014-02-10',NULL),(786,178,78,1,'I','2014-02-10',NULL),(787,179,76,2,'I','2014-02-10',NULL),(788,179,77,2,'I','2014-02-10',NULL),(789,179,78,1,'I','2014-02-10',NULL),(790,180,76,2,'I','2014-02-10',NULL),(791,180,77,2,'I','2014-02-10',NULL),(792,180,78,1,'I','2014-02-10',NULL),(793,181,76,2,'I','2014-02-10',NULL),(794,181,77,2,'I','2014-02-10',NULL),(795,181,78,1,'I','2014-02-10',NULL),(796,182,76,2,'I','2014-02-10',NULL),(797,182,77,2,'I','2014-02-10',NULL),(798,182,78,1,'I','2014-02-10',NULL),(799,183,76,2,'I','2014-02-10',NULL),(800,183,77,2,'I','2014-02-10',NULL),(801,183,78,1,'I','2014-02-10',NULL),(802,184,76,2,'I','2014-02-10',NULL),(803,184,77,2,'I','2014-02-10',NULL),(804,184,78,1,'I','2014-02-10',NULL),(805,185,76,2,'I','2014-02-10',NULL),(806,185,77,2,'I','2014-02-10',NULL),(807,185,78,1,'I','2014-02-10',NULL),(808,186,85,2,'I','2014-02-10',NULL),(809,186,86,2,'I','2014-02-10',NULL),(810,186,87,1,'I','2014-02-10',NULL),(811,187,85,2,'I','2014-02-10',NULL),(812,187,86,2,'I','2014-02-10',NULL),(813,187,87,1,'I','2014-02-10',NULL),(814,188,85,2,'I','2014-02-10',NULL),(815,188,86,2,'I','2014-02-10',NULL),(816,188,87,1,'I','2014-02-10',NULL),(817,189,85,2,'I','2014-02-10',NULL),(818,189,86,2,'I','2014-02-10',NULL),(819,189,87,1,'I','2014-02-10',NULL),(820,190,85,2,'I','2014-02-10',NULL),(821,190,86,2,'I','2014-02-10',NULL),(822,190,87,1,'I','2014-02-10',NULL),(823,191,85,2,'I','2014-02-10',NULL),(824,191,86,2,'I','2014-02-10',NULL),(825,191,87,1,'I','2014-02-10',NULL),(826,192,85,2,'I','2014-02-10',NULL),(827,192,86,2,'I','2014-02-10',NULL),(828,192,87,1,'I','2014-02-10',NULL),(829,193,85,2,'I','2014-02-10',NULL),(830,193,86,2,'I','2014-02-10',NULL),(831,193,87,1,'I','2014-02-10',NULL),(832,194,85,2,'I','2014-02-10',NULL),(833,194,86,2,'I','2014-02-10',NULL),(834,194,87,1,'I','2014-02-10',NULL),(835,195,85,2,'I','2014-02-10',NULL),(836,195,86,2,'I','2014-02-10',NULL),(837,195,87,1,'I','2014-02-10',NULL),(849,200,76,2,'I','2014-02-10',NULL),(850,200,78,1,'I','2014-02-10',NULL),(851,200,77,2,'I','2014-02-10',NULL),(852,201,88,2,'I','2014-02-10',NULL),(853,201,92,2,'I','2014-02-10',NULL),(854,201,89,1,'I','2014-02-10',NULL),(855,201,90,1,'I','2014-02-10',NULL),(856,201,87,1,'I','2014-02-10',NULL),(857,202,76,1,'I','2014-02-10',NULL),(858,202,77,1,'I','2014-02-10',NULL),(859,203,78,1,'I','2014-02-10',NULL),(860,203,76,2,'I','2014-02-10',NULL),(861,203,77,2,'I','2014-02-10',NULL),(862,204,76,2,'I','2014-02-10',NULL),(863,204,77,2,'I','2014-02-10',NULL),(864,204,78,1,'I','2014-02-10',NULL),(865,205,85,2,'I','2014-02-10',NULL),(866,205,86,2,'I','2014-02-10',NULL),(867,205,87,1,'I','2014-02-10',NULL),(868,206,98,2,'I','2014-02-12',NULL),(869,206,99,2,'I','2014-02-12',NULL),(870,206,100,1,'I','2014-02-12',NULL),(871,206,101,1,'I','2014-02-12',NULL),(872,207,98,2,'I','2014-02-12',NULL),(873,207,99,2,'I','2014-02-12',NULL),(874,207,100,1,'I','2014-02-12',NULL),(875,207,101,1,'I','2014-02-12',NULL),(876,208,98,2,'I','2014-02-12',NULL),(877,208,112,2,'I','2014-02-12',NULL),(878,208,100,1,'I','2014-02-12',NULL),(879,208,113,1,'I','2014-02-12',NULL),(880,209,98,2,'I','2014-02-12',NULL),(881,209,112,2,'I','2014-02-12',NULL),(882,209,100,1,'I','2014-02-12',NULL),(883,209,113,1,'I','2014-02-12',NULL),(884,210,98,2,'I','2014-02-12',NULL),(885,210,112,2,'I','2014-02-12',NULL),(886,210,100,1,'I','2014-02-12',NULL),(887,210,113,1,'I','2014-02-12',NULL),(888,211,98,2,'I','2014-02-12',NULL),(889,211,99,2,'I','2014-02-12',NULL),(890,211,100,1,'I','2014-02-12',NULL),(891,211,101,1,'I','2014-02-12',NULL),(892,212,98,2,'I','2014-02-12',NULL),(893,212,112,2,'I','2014-02-12',NULL),(894,212,100,1,'I','2014-02-12',NULL),(895,212,113,1,'I','2014-02-12',NULL),(896,213,98,2,'I','2014-02-12',NULL),(897,213,99,2,'I','2014-02-12',NULL),(898,213,100,1,'I','2014-02-12',NULL),(899,213,101,1,'I','2014-02-12',NULL),(900,214,98,2,'I','2014-02-12',NULL),(901,214,99,2,'I','2014-02-12',NULL),(902,214,100,1,'I','2014-02-12',NULL),(903,214,101,1,'I','2014-02-12',NULL),(904,215,98,2,'I','2014-02-12',NULL),(905,215,99,2,'I','2014-02-12',NULL),(906,215,100,1,'I','2014-02-12',NULL),(907,215,101,1,'I','2014-02-12',NULL),(908,216,98,2,'I','2014-02-12',NULL),(909,216,99,2,'I','2014-02-12',NULL),(910,216,100,1,'I','2014-02-12',NULL),(911,216,101,1,'I','2014-02-12',NULL),(912,217,98,2,'I','2014-02-12',NULL),(913,217,99,2,'I','2014-02-12',NULL),(914,217,100,1,'I','2014-02-12',NULL),(915,217,101,1,'I','2014-02-12',NULL),(916,218,98,2,'I','2014-02-12',NULL),(917,218,99,2,'I','2014-02-12',NULL),(918,218,100,1,'I','2014-02-12',NULL),(919,218,101,1,'I','2014-02-12',NULL),(920,219,98,2,'I','2014-02-12',NULL),(921,219,99,2,'I','2014-02-12',NULL),(922,219,100,1,'I','2014-02-12',NULL),(923,219,101,1,'I','2014-02-12',NULL),(924,220,98,2,'I','2014-02-12',NULL),(925,220,112,2,'I','2014-02-12',NULL),(926,220,100,1,'I','2014-02-12',NULL),(927,220,113,1,'I','2014-02-12',NULL),(928,221,98,2,'I','2014-02-12',NULL),(929,221,112,2,'I','2014-02-12',NULL),(930,221,100,1,'I','2014-02-12',NULL),(931,221,113,1,'I','2014-02-12',NULL),(932,222,98,2,'I','2014-02-12',NULL),(933,222,112,2,'I','2014-02-12',NULL),(934,222,100,1,'I','2014-02-12',NULL),(935,222,113,1,'I','2014-02-12',NULL),(936,223,98,2,'I','2014-02-12',NULL),(937,223,112,2,'I','2014-02-12',NULL),(938,223,100,1,'I','2014-02-12',NULL),(939,223,113,1,'I','2014-02-12',NULL),(940,224,98,2,'I','2014-02-12',NULL),(941,224,112,2,'I','2014-02-12',NULL),(942,224,100,1,'I','2014-02-12',NULL),(943,224,113,1,'I','2014-02-12',NULL),(944,225,98,2,'I','2014-02-12',NULL),(945,225,112,2,'I','2014-02-12',NULL),(946,225,100,1,'I','2014-02-12',NULL),(947,225,113,1,'I','2014-02-12',NULL),(948,226,98,2,'I','2014-02-12',NULL),(949,226,112,2,'I','2014-02-12',NULL),(950,226,100,1,'I','2014-02-12',NULL),(951,226,113,1,'I','2014-02-12',NULL),(952,227,98,2,'I','2014-02-12',NULL),(953,227,112,2,'I','2014-02-12',NULL),(954,227,100,1,'I','2014-02-12',NULL),(955,227,113,1,'I','2014-02-12',NULL),(956,228,98,2,'I','2014-02-12',NULL),(957,228,112,2,'I','2014-02-12',NULL),(958,228,100,1,'I','2014-02-12',NULL),(959,228,113,1,'I','2014-02-12',NULL),(960,229,98,2,'I','2014-02-12',NULL),(961,229,112,2,'I','2014-02-12',NULL),(962,229,100,1,'I','2014-02-12',NULL),(963,229,113,1,'I','2014-02-12',NULL),(964,230,98,2,'I','2014-02-12',NULL),(965,230,99,2,'I','2014-02-12',NULL),(966,230,100,1,'I','2014-02-12',NULL),(967,230,101,1,'I','2014-02-12',NULL),(968,231,98,2,'I','2014-02-12',NULL),(969,231,99,2,'I','2014-02-12',NULL),(970,231,100,1,'I','2014-02-12',NULL),(971,231,101,1,'I','2014-02-12',NULL),(972,232,98,2,'I','2014-02-12',NULL),(973,232,99,2,'I','2014-02-12',NULL),(974,232,100,1,'I','2014-02-12',NULL),(975,232,101,1,'I','2014-02-12',NULL),(976,233,98,2,'I','2014-02-12',NULL),(977,233,99,2,'I','2014-02-12',NULL),(978,233,100,1,'I','2014-02-12',NULL),(979,233,101,1,'I','2014-02-12',NULL),(980,234,98,2,'I','2014-02-12',NULL),(981,234,99,2,'I','2014-02-12',NULL),(982,234,100,1,'I','2014-02-12',NULL),(983,234,101,1,'I','2014-02-12',NULL),(984,235,98,2,'I','2014-02-12',NULL),(985,235,99,2,'I','2014-02-12',NULL),(986,235,100,1,'I','2014-02-12',NULL),(987,235,101,1,'I','2014-02-12',NULL),(988,236,98,2,'I','2014-02-12',NULL),(989,236,99,2,'I','2014-02-12',NULL),(990,236,100,1,'I','2014-02-12',NULL),(991,236,101,1,'I','2014-02-12',NULL),(992,237,98,2,'I','2014-02-12',NULL),(993,237,112,2,'I','2014-02-12',NULL),(994,237,100,1,'I','2014-02-12',NULL),(995,237,113,1,'I','2014-02-12',NULL),(996,238,98,2,'I','2014-02-12',NULL),(997,238,112,2,'I','2014-02-12',NULL),(998,238,100,1,'I','2014-02-12',NULL),(999,238,113,1,'I','2014-02-12',NULL),(1000,239,98,2,'I','2014-02-12',NULL),(1001,239,112,2,'I','2014-02-12',NULL),(1002,239,100,1,'I','2014-02-12',NULL),(1003,239,113,1,'I','2014-02-12',NULL),(1004,240,98,2,'I','2014-02-12',NULL),(1005,240,112,2,'I','2014-02-12',NULL),(1006,240,100,1,'I','2014-02-12',NULL),(1007,240,113,1,'I','2014-02-12',NULL),(1008,241,98,2,'I','2014-02-12',NULL),(1009,241,99,2,'I','2014-02-12',NULL),(1010,241,100,1,'I','2014-02-12',NULL),(1011,241,101,1,'I','2014-02-12',NULL),(1012,242,98,2,'I','2014-02-12',NULL),(1013,242,99,2,'I','2014-02-12',NULL),(1014,242,100,1,'I','2014-02-12',NULL),(1015,242,101,1,'I','2014-02-12',NULL),(1016,243,98,2,'I','2014-02-12',NULL),(1017,243,99,2,'I','2014-02-12',NULL),(1018,243,100,1,'I','2014-02-12',NULL),(1019,243,101,1,'I','2014-02-12',NULL),(1020,244,98,2,'I','2014-02-12',NULL),(1021,244,99,2,'I','2014-02-12',NULL),(1022,244,100,1,'I','2014-02-12',NULL),(1023,244,101,1,'I','2014-02-12',NULL),(1024,245,98,2,'I','2014-02-12',NULL),(1025,245,99,2,'I','2014-02-12',NULL),(1026,245,100,1,'I','2014-02-12',NULL),(1027,245,101,1,'I','2014-02-12',NULL),(1028,246,98,2,'I','2014-02-12',NULL),(1029,246,99,2,'I','2014-02-12',NULL),(1030,246,100,1,'I','2014-02-12',NULL),(1031,246,101,1,'I','2014-02-12',NULL),(1032,247,98,2,'I','2014-02-12',NULL),(1033,247,99,2,'I','2014-02-12',NULL),(1034,247,100,1,'I','2014-02-12',NULL),(1035,247,101,1,'I','2014-02-12',NULL),(1036,248,98,2,'I','2014-02-12',NULL),(1037,248,99,2,'I','2014-02-12',NULL),(1038,248,100,1,'I','2014-02-12',NULL),(1039,248,101,1,'I','2014-02-12',NULL),(1040,249,98,2,'I','2014-02-12',NULL),(1041,249,99,2,'I','2014-02-12',NULL),(1042,249,100,1,'I','2014-02-12',NULL),(1043,249,101,1,'I','2014-02-12',NULL),(1044,250,98,2,'I','2014-02-12',NULL),(1045,250,99,2,'I','2014-02-12',NULL),(1046,250,100,1,'I','2014-02-12',NULL),(1047,250,101,1,'I','2014-02-12',NULL),(1048,251,98,2,'I','2014-02-12',NULL),(1049,251,112,2,'I','2014-02-12',NULL),(1050,251,100,1,'I','2014-02-12',NULL),(1051,251,113,1,'I','2014-02-12',NULL),(1052,252,98,2,'I','2014-02-12',NULL),(1053,252,112,2,'I','2014-02-12',NULL),(1054,252,100,1,'I','2014-02-12',NULL),(1055,252,113,1,'I','2014-02-12',NULL),(1056,253,98,2,'I','2014-02-12',NULL),(1057,253,112,2,'I','2014-02-12',NULL),(1058,253,100,1,'I','2014-02-12',NULL),(1059,253,113,1,'I','2014-02-12',NULL),(1060,254,98,2,'I','2014-02-12',NULL),(1061,254,112,2,'I','2014-02-12',NULL),(1062,254,100,1,'I','2014-02-12',NULL),(1063,254,113,1,'I','2014-02-12',NULL),(1064,255,98,2,'I','2014-02-12',NULL),(1065,255,112,2,'I','2014-02-12',NULL),(1066,255,100,1,'I','2014-02-12',NULL),(1067,255,113,1,'I','2014-02-12',NULL),(1068,256,98,2,'I','2014-02-12',NULL),(1069,256,112,2,'I','2014-02-12',NULL),(1070,256,100,1,'I','2014-02-12',NULL),(1071,256,113,1,'I','2014-02-12',NULL),(1072,257,98,2,'I','2014-02-12',NULL),(1073,257,112,2,'I','2014-02-12',NULL),(1074,257,100,1,'I','2014-02-12',NULL),(1075,257,113,1,'I','2014-02-12',NULL),(1076,258,98,2,'I','2014-02-12',NULL),(1077,258,112,2,'I','2014-02-12',NULL),(1078,258,100,1,'I','2014-02-12',NULL),(1079,258,113,1,'I','2014-02-12',NULL),(1080,259,98,1,'I','2014-02-12',NULL),(1081,259,99,1,'I','2014-02-12',NULL),(1082,259,100,1,'I','2014-02-12',NULL),(1083,259,101,1,'I','2014-02-12',NULL),(1084,260,98,2,'I','2014-02-12',NULL),(1085,260,99,2,'I','2014-02-12',NULL),(1086,260,100,1,'I','2014-02-12',NULL),(1087,260,101,1,'I','2014-02-12',NULL),(1088,175,78,1,'I','2014-02-14',NULL),(1089,261,106,2,'I','2014-02-18',NULL),(1090,261,116,2,'I','2014-02-18',NULL),(1091,261,117,2,'I','2014-02-18',NULL);
/*!40000 ALTER TABLE `mst_student_detail` ENABLE KEYS */;
UNLOCK TABLES;

--
-- Table structure for table `mst_student_mat_detail`
--

DROP TABLE IF EXISTS `mst_student_mat_detail`;
/*!40101 SET @saved_cs_client     = @@character_set_client */;
/*!40101 SET character_set_client = utf8 */;
CREATE TABLE `mst_student_mat_detail` (
  `SL_NO` int(11) NOT NULL AUTO_INCREMENT,
  `STSL_NO` int(11) NOT NULL,
  `ITEM_NO` int(11) NOT NULL,
  `MATERIAL_NO` int(11) NOT NULL,
  `FIXED_MAT_LENGTH` decimal(5,2) NOT NULL,
  `ACTUAL_MAT_LENGTH` decimal(5,2) NOT NULL,
  `FLAG` varchar(2) NOT NULL,
  `DATE_CREATED` date NOT NULL,
  `DATE_UPDATED` date DEFAULT NULL,
  PRIMARY KEY (`SL_NO`),
  KEY `MST_STUDENT_MAT_DETAIL_FK1` (`ITEM_NO`),
  KEY `MST_STUDENT_MAT_DETAIL_FK2` (`STSL_NO`),
  KEY `MST_STUDENT_MAT_DETAIL_FK3` (`MATERIAL_NO`),
  CONSTRAINT `MST_STUDENT_MAT_DETAIL_FK1` FOREIGN KEY (`ITEM_NO`) REFERENCES `mst_item` (`ITEM_NO`),
  CONSTRAINT `MST_STUDENT_MAT_DETAIL_FK2` FOREIGN KEY (`STSL_NO`) REFERENCES `mst_student` (`STSL_NO`),
  CONSTRAINT `MST_STUDENT_MAT_DETAIL_FK3` FOREIGN KEY (`MATERIAL_NO`) REFERENCES `mst_material` (`MATERIAL_NO`)
) ENGINE=InnoDB AUTO_INCREMENT=55 DEFAULT CHARSET=latin1;
/*!40101 SET character_set_client = @saved_cs_client */;

--
-- Dumping data for table `mst_student_mat_detail`
--

LOCK TABLES `mst_student_mat_detail` WRITE;
/*!40000 ALTER TABLE `mst_student_mat_detail` DISABLE KEYS */;
INSERT INTO `mst_student_mat_detail` VALUES (1,168,76,14,0.75,0.65,'I','2014-02-14','2014-02-14'),(2,168,78,18,0.75,0.65,'I','2014-02-14','2014-02-14'),(3,168,77,15,1.05,0.95,'I','2014-02-14','2014-02-14'),(4,169,76,14,0.80,0.65,'I','2014-02-14',NULL),(5,169,78,18,0.80,0.65,'I','2014-02-14',NULL),(6,169,77,15,1.10,1.00,'I','2014-02-14',NULL),(7,170,76,14,0.75,0.65,'I','2014-02-14',NULL),(8,170,78,18,0.75,0.65,'I','2014-02-14',NULL),(9,170,77,15,1.05,0.95,'I','2014-02-14',NULL),(10,171,76,14,0.75,0.65,'I','2014-02-14',NULL),(11,171,78,18,0.75,0.65,'I','2014-02-14',NULL),(12,171,77,15,1.05,0.95,'I','2014-02-14',NULL),(13,172,76,14,0.75,0.65,'I','2014-02-14',NULL),(14,172,78,18,0.75,0.65,'I','2014-02-14',NULL),(15,172,77,15,1.05,0.95,'I','2014-02-14',NULL),(16,173,76,14,0.75,0.65,'I','2014-02-14',NULL),(17,173,78,18,0.75,0.65,'I','2014-02-14',NULL),(18,173,77,15,1.05,0.95,'I','2014-02-14',NULL),(19,174,78,18,0.75,0.65,'I','2014-02-14',NULL),(20,174,76,14,0.75,0.65,'I','2014-02-14',NULL),(21,174,77,15,1.05,0.95,'I','2014-02-14',NULL),(22,175,76,14,0.65,0.75,'I','2014-02-15',NULL),(23,175,77,15,0.90,1.00,'I','2014-02-15',NULL),(24,175,78,18,0.65,0.75,'I','2014-02-15',NULL),(25,176,76,14,0.65,0.75,'I','2014-02-15',NULL),(26,176,77,15,0.90,1.00,'I','2014-02-15',NULL),(27,176,78,18,0.65,0.75,'I','2014-02-15',NULL),(28,177,76,14,0.65,0.75,'I','2014-02-15',NULL),(29,177,77,15,0.90,1.00,'I','2014-02-15',NULL),(30,177,78,18,0.65,0.75,'I','2014-02-15',NULL),(31,178,76,14,0.65,0.75,'I','2014-02-15',NULL),(32,178,77,15,0.90,1.00,'I','2014-02-15',NULL),(33,178,78,18,0.65,0.75,'I','2014-02-15',NULL),(34,179,76,14,0.65,0.75,'I','2014-02-15',NULL),(35,179,77,15,0.90,1.00,'I','2014-02-15',NULL),(36,179,78,18,0.65,0.75,'I','2014-02-15',NULL),(37,180,76,14,0.65,0.75,'I','2014-02-15',NULL),(38,180,77,15,0.90,1.00,'I','2014-02-15',NULL),(39,180,78,18,0.65,0.75,'I','2014-02-15',NULL),(40,182,76,14,0.65,0.75,'I','2014-02-15',NULL),(41,182,77,15,0.90,1.00,'I','2014-02-15',NULL),(42,182,78,18,0.65,0.75,'I','2014-02-15',NULL),(43,183,76,14,0.65,0.75,'I','2014-02-15',NULL),(44,183,77,15,0.90,1.00,'I','2014-02-15',NULL),(45,183,78,18,0.65,0.75,'I','2014-02-15',NULL),(46,184,76,14,0.65,0.75,'I','2014-02-15',NULL),(47,184,77,15,0.90,1.00,'I','2014-02-15',NULL),(48,184,78,18,0.65,0.75,'I','2014-02-15',NULL),(49,185,76,14,0.65,0.75,'I','2014-02-15',NULL),(50,185,77,15,0.90,1.00,'I','2014-02-15',NULL),(51,185,78,18,0.65,0.75,'I','2014-02-15',NULL),(52,200,76,14,0.65,0.75,'I','2014-02-15',NULL),(53,200,78,18,0.65,0.75,'I','2014-02-15',NULL),(54,200,77,15,0.90,1.00,'I','2014-02-15',NULL);
/*!40000 ALTER TABLE `mst_student_mat_detail` ENABLE KEYS */;
UNLOCK TABLES;

--
-- Table structure for table `mst_tailor`
--

DROP TABLE IF EXISTS `mst_tailor`;
/*!40101 SET @saved_cs_client     = @@character_set_client */;
/*!40101 SET character_set_client = utf8 */;
CREATE TABLE `mst_tailor` (
  `GROUP_NO` int(11) NOT NULL,
  `TAILOR_NO` int(11) NOT NULL AUTO_INCREMENT,
  `TAILOR_CODE` varchar(2) NOT NULL,
  `TAILOR_NAME` varchar(30) NOT NULL,
  `FLAG` varchar(2) NOT NULL,
  `DATE_CREATED` date DEFAULT NULL,
  `DATE_UPDATED` date DEFAULT NULL,
  PRIMARY KEY (`TAILOR_NO`),
  KEY `MST_TAILOR_FK1` (`GROUP_NO`),
  CONSTRAINT `MST_TAILOR_FK1` FOREIGN KEY (`GROUP_NO`) REFERENCES `mst_group` (`GROUP_NO`)
) ENGINE=InnoDB AUTO_INCREMENT=3 DEFAULT CHARSET=latin1;
/*!40101 SET character_set_client = @saved_cs_client */;

--
-- Dumping data for table `mst_tailor`
--

LOCK TABLES `mst_tailor` WRITE;
/*!40000 ALTER TABLE `mst_tailor` DISABLE KEYS */;
INSERT INTO `mst_tailor` VALUES (1,1,'A','MURUGHAN','I','2014-02-11',NULL),(1,2,'B','RADHAKRISHNAN','I','2014-02-11',NULL);
/*!40000 ALTER TABLE `mst_tailor` ENABLE KEYS */;
UNLOCK TABLES;

--
-- Table structure for table `mst_wage`
--

DROP TABLE IF EXISTS `mst_wage`;
/*!40101 SET @saved_cs_client     = @@character_set_client */;
/*!40101 SET character_set_client = utf8 */;
CREATE TABLE `mst_wage` (
  `SL_NO` int(11) NOT NULL AUTO_INCREMENT,
  `LABOUR_NO` int(11) NOT NULL,
  `LABOUR_TYPE` char(10) NOT NULL,
  `DESCRIPTION` varchar(50) NOT NULL,
  `AMOUNT` int(11) NOT NULL,
  `DATE_GIVEN` date DEFAULT NULL,
  `FLAG` varchar(2) NOT NULL,
  `DATE_CREATED` date DEFAULT NULL,
  `DATE_UPDATED` date DEFAULT NULL,
  PRIMARY KEY (`SL_NO`)
) ENGINE=InnoDB DEFAULT CHARSET=latin1;
/*!40101 SET character_set_client = @saved_cs_client */;

--
-- Dumping data for table `mst_wage`
--

LOCK TABLES `mst_wage` WRITE;
/*!40000 ALTER TABLE `mst_wage` DISABLE KEYS */;
/*!40000 ALTER TABLE `mst_wage` ENABLE KEYS */;
UNLOCK TABLES;

--
-- Table structure for table `mst_wage_advance`
--

DROP TABLE IF EXISTS `mst_wage_advance`;
/*!40101 SET @saved_cs_client     = @@character_set_client */;
/*!40101 SET character_set_client = utf8 */;
CREATE TABLE `mst_wage_advance` (
  `SL_NO` int(11) NOT NULL AUTO_INCREMENT,
  `LABOUR_NO` int(11) NOT NULL,
  `LABOUR_TYPE` char(10) NOT NULL,
  `AMOUNT` int(11) NOT NULL,
  `DATE_GIVEN` date DEFAULT NULL,
  `FLAG` varchar(2) NOT NULL,
  `DATE_CREATED` date DEFAULT NULL,
  `DATE_UPDATED` date DEFAULT NULL,
  PRIMARY KEY (`SL_NO`)
) ENGINE=InnoDB AUTO_INCREMENT=4 DEFAULT CHARSET=latin1;
/*!40101 SET character_set_client = @saved_cs_client */;

--
-- Dumping data for table `mst_wage_advance`
--

LOCK TABLES `mst_wage_advance` WRITE;
/*!40000 ALTER TABLE `mst_wage_advance` DISABLE KEYS */;
INSERT INTO `mst_wage_advance` VALUES (1,1,'Cutting',2000,'2014-02-07','I','2014-02-11',NULL),(2,1,'Cutting',150,'2014-02-11','U','2014-02-11','2014-02-15'),(3,2,'Stitching',150,'2014-02-10','U','2014-02-11','2014-02-15');
/*!40000 ALTER TABLE `mst_wage_advance` ENABLE KEYS */;
UNLOCK TABLES;

--
-- Table structure for table `trn_buttonhole`
--

DROP TABLE IF EXISTS `trn_buttonhole`;
/*!40101 SET @saved_cs_client     = @@character_set_client */;
/*!40101 SET character_set_client = utf8 */;
CREATE TABLE `trn_buttonhole` (
  `SL_NO` int(11) NOT NULL AUTO_INCREMENT,
  `BH_NO` int(11) NOT NULL,
  `STSL_NO` int(11) NOT NULL,
  `ITEM_NO` int(11) NOT NULL,
  `QTY` int(11) NOT NULL,
  `STATUS` varchar(1) NOT NULL,
  `DATE_GIVEN` date DEFAULT NULL,
  `DATE_RECIEVED` date DEFAULT NULL,
  `FLAG` varchar(2) NOT NULL,
  `DATE_CREATED` date NOT NULL,
  `DATE_UPDATED` date DEFAULT NULL,
  PRIMARY KEY (`SL_NO`),
  KEY `TRN_BUTTONHOLE_FK1` (`ITEM_NO`),
  KEY `TRN_BUTTONHOLE_FK2` (`STSL_NO`),
  KEY `TRN_BUTTONHOLE_FK3` (`BH_NO`),
  CONSTRAINT `TRN_BUTTONHOLE_FK1` FOREIGN KEY (`ITEM_NO`) REFERENCES `mst_item` (`ITEM_NO`),
  CONSTRAINT `TRN_BUTTONHOLE_FK2` FOREIGN KEY (`STSL_NO`) REFERENCES `mst_student` (`STSL_NO`),
  CONSTRAINT `TRN_BUTTONHOLE_FK3` FOREIGN KEY (`BH_NO`) REFERENCES `mst_buttonhole` (`BH_NO`)
) ENGINE=InnoDB AUTO_INCREMENT=2 DEFAULT CHARSET=latin1;
/*!40101 SET character_set_client = @saved_cs_client */;

--
-- Dumping data for table `trn_buttonhole`
--

LOCK TABLES `trn_buttonhole` WRITE;
/*!40000 ALTER TABLE `trn_buttonhole` DISABLE KEYS */;
INSERT INTO `trn_buttonhole` VALUES (1,1,168,77,2,'C','2014-02-14','2014-02-14','D','2014-02-14','2014-02-14');
/*!40000 ALTER TABLE `trn_buttonhole` ENABLE KEYS */;
UNLOCK TABLES;

--
-- Table structure for table `trn_cm`
--

DROP TABLE IF EXISTS `trn_cm`;
/*!40101 SET @saved_cs_client     = @@character_set_client */;
/*!40101 SET character_set_client = utf8 */;
CREATE TABLE `trn_cm` (
  `SL_NO` int(11) NOT NULL AUTO_INCREMENT,
  `GROUP_NO` int(11) NOT NULL,
  `STSL_NO` int(11) NOT NULL,
  `ITEM_NO` int(11) NOT NULL,
  `QTY` int(11) NOT NULL,
  `STATUS` varchar(1) NOT NULL,
  `DATE_GIVEN` date DEFAULT NULL,
  `DATE_RECIEVED` date DEFAULT NULL,
  `FLAG` varchar(2) NOT NULL,
  `DATE_CREATED` date NOT NULL,
  `DATE_UPDATED` date DEFAULT NULL,
  PRIMARY KEY (`SL_NO`),
  KEY `TRN_CM_FK1` (`STSL_NO`),
  KEY `TRN_CM_FK2` (`GROUP_NO`),
  KEY `TRN_CM_FK3` (`ITEM_NO`),
  CONSTRAINT `TRN_CM_FK1` FOREIGN KEY (`STSL_NO`) REFERENCES `mst_student` (`STSL_NO`),
  CONSTRAINT `TRN_CM_FK2` FOREIGN KEY (`GROUP_NO`) REFERENCES `mst_group` (`GROUP_NO`),
  CONSTRAINT `TRN_CM_FK3` FOREIGN KEY (`ITEM_NO`) REFERENCES `mst_item` (`ITEM_NO`)
) ENGINE=InnoDB AUTO_INCREMENT=171 DEFAULT CHARSET=latin1;
/*!40101 SET character_set_client = @saved_cs_client */;

--
-- Dumping data for table `trn_cm`
--

LOCK TABLES `trn_cm` WRITE;
/*!40000 ALTER TABLE `trn_cm` DISABLE KEYS */;
INSERT INTO `trn_cm` VALUES (1,1,168,76,2,'C','2014-02-13','2014-02-14','I','2014-02-14','2014-02-14'),(2,1,168,77,2,'C','2014-02-13','2014-02-14','I','2014-02-14','2014-02-14'),(3,1,168,78,1,'C','2014-02-13','2014-02-14','I','2014-02-14','2014-02-14'),(4,1,169,76,2,'C','2014-02-13','2014-02-14','I','2014-02-14','2014-02-14'),(5,1,169,77,2,'C','2014-02-13','2014-02-14','I','2014-02-14','2014-02-14'),(6,1,169,78,1,'C','2014-02-13','2014-02-14','I','2014-02-14','2014-02-14'),(7,1,200,76,2,'C','2014-02-13','2014-02-14','I','2014-02-14','2014-02-14'),(8,1,200,78,1,'C','2014-02-13','2014-02-14','I','2014-02-14','2014-02-14'),(9,1,200,77,2,'C','2014-02-13','2014-02-14','I','2014-02-14','2014-02-14'),(10,1,202,76,1,'P','2014-02-14',NULL,'D','2014-02-14','2014-02-14'),(11,1,202,77,1,'P','2014-02-14',NULL,'D','2014-02-14','2014-02-14'),(12,1,202,76,1,'C','2014-02-13','2014-02-14','I','2014-02-14','2014-02-14'),(13,1,202,77,1,'C','2014-02-13','2014-02-14','I','2014-02-14','2014-02-14'),(14,1,170,76,2,'C','2014-02-13','2014-02-14','I','2014-02-14','2014-02-14'),(15,1,170,77,2,'C','2014-02-13','2014-02-14','I','2014-02-14','2014-02-14'),(16,1,170,78,1,'C','2014-02-13','2014-02-14','I','2014-02-14','2014-02-14'),(17,1,171,76,2,'C','2014-02-13','2014-02-14','I','2014-02-14','2014-02-14'),(18,1,171,77,2,'C','2014-02-13','2014-02-14','I','2014-02-14','2014-02-14'),(19,1,171,78,1,'C','2014-02-13','2014-02-14','I','2014-02-14','2014-02-14'),(20,1,172,76,2,'C','2014-02-13','2014-02-14','I','2014-02-14','2014-02-14'),(21,1,172,77,2,'C','2014-02-13','2014-02-14','I','2014-02-14','2014-02-14'),(22,1,172,78,1,'C','2014-02-13','2014-02-14','I','2014-02-14','2014-02-14'),(23,1,173,76,2,'C','2014-02-13','2014-02-14','I','2014-02-14','2014-02-14'),(24,1,173,77,2,'C','2014-02-13','2014-02-14','I','2014-02-14','2014-02-14'),(25,1,173,78,1,'C','2014-02-13','2014-02-14','I','2014-02-14','2014-02-14'),(26,1,174,76,2,'C','2014-02-13','2014-02-14','I','2014-02-14','2014-02-14'),(27,1,174,77,2,'C','2014-02-13','2014-02-14','I','2014-02-14','2014-02-14'),(28,1,174,78,1,'C','2014-02-13','2014-02-14','I','2014-02-14','2014-02-14'),(29,1,175,76,2,'C','2014-02-13','2014-02-14','I','2014-02-14','2014-02-14'),(30,1,175,77,2,'C','2014-02-13','2014-02-14','I','2014-02-14','2014-02-14'),(31,1,176,76,2,'C','2014-02-13','2014-02-14','I','2014-02-14','2014-02-14'),(32,1,176,77,2,'C','2014-02-13','2014-02-14','I','2014-02-14','2014-02-14'),(33,1,176,78,1,'C','2014-02-13','2014-02-14','I','2014-02-14','2014-02-14'),(34,1,177,76,2,'C','2014-02-13','2014-02-14','I','2014-02-14','2014-02-14'),(35,1,177,77,2,'C','2014-02-13','2014-02-14','I','2014-02-14','2014-02-14'),(36,1,177,78,1,'C','2014-02-13','2014-02-14','I','2014-02-14','2014-02-14'),(37,1,178,76,2,'C','2014-02-13','2014-02-14','I','2014-02-14','2014-02-14'),(38,1,178,77,2,'C','2014-02-13','2014-02-14','I','2014-02-14','2014-02-14'),(39,1,178,78,1,'C','2014-02-13','2014-02-14','I','2014-02-14','2014-02-14'),(40,1,179,76,2,'C','2014-02-13','2014-02-14','I','2014-02-14','2014-02-14'),(41,1,179,77,2,'C','2014-02-13','2014-02-14','I','2014-02-14','2014-02-14'),(42,1,179,78,1,'C','2014-02-13','2014-02-14','I','2014-02-14','2014-02-14'),(43,1,180,76,2,'C','2014-02-13','2014-02-14','I','2014-02-14','2014-02-14'),(44,1,180,77,2,'C','2014-02-13','2014-02-14','I','2014-02-14','2014-02-14'),(45,1,180,78,1,'C','2014-02-13','2014-02-14','I','2014-02-14','2014-02-14'),(46,1,182,76,2,'C','2014-02-13','2014-02-14','I','2014-02-14','2014-02-14'),(47,1,182,77,2,'C','2014-02-13','2014-02-14','I','2014-02-14','2014-02-14'),(48,1,182,78,1,'C','2014-02-13','2014-02-14','I','2014-02-14','2014-02-14'),(49,1,183,76,2,'C','2014-02-13','2014-02-14','I','2014-02-14','2014-02-14'),(50,1,183,77,2,'C','2014-02-13','2014-02-14','I','2014-02-14','2014-02-14'),(51,1,183,78,1,'C','2014-02-13','2014-02-14','I','2014-02-14','2014-02-14'),(52,1,184,76,2,'C','2014-02-13','2014-02-14','I','2014-02-14','2014-02-14'),(53,1,184,77,2,'C','2014-02-13','2014-02-14','I','2014-02-14','2014-02-14'),(54,1,184,78,1,'C','2014-02-13','2014-02-14','I','2014-02-14','2014-02-14'),(55,1,185,76,2,'C','2014-02-13','2014-02-14','I','2014-02-14','2014-02-14'),(56,1,185,77,2,'C','2014-02-13','2014-02-14','I','2014-02-14','2014-02-14'),(57,1,185,78,1,'C','2014-02-13','2014-02-14','I','2014-02-14','2014-02-14'),(58,1,203,78,1,'C','2014-02-13','2014-02-14','I','2014-02-14','2014-02-14'),(59,1,203,76,2,'C','2014-02-13','2014-02-14','I','2014-02-14','2014-02-14'),(60,1,203,77,2,'C','2014-02-13','2014-02-14','I','2014-02-14','2014-02-14'),(61,1,204,76,2,'C','2014-02-13','2014-02-14','I','2014-02-14','2014-02-14'),(62,1,204,77,2,'C','2014-02-13','2014-02-14','I','2014-02-14','2014-02-14'),(63,1,204,78,1,'C','2014-02-13','2014-02-14','I','2014-02-14','2014-02-14'),(64,1,186,85,2,'C','2014-02-13','2014-02-14','I','2014-02-14','2014-02-15'),(65,1,186,86,2,'C','2014-02-13','2014-02-14','I','2014-02-14','2014-02-14'),(66,1,186,87,1,'C','2014-02-13','2014-02-14','I','2014-02-14','2014-02-15'),(67,1,187,85,2,'C','2014-02-13','2014-02-14','I','2014-02-14','2014-02-15'),(68,1,187,86,2,'C','2014-02-13','2014-02-14','I','2014-02-14','2014-02-14'),(69,1,187,87,1,'C','2014-02-13','2014-02-14','I','2014-02-14','2014-02-15'),(70,1,188,85,2,'C','2014-02-13','2014-02-14','I','2014-02-14','2014-02-15'),(71,1,188,86,2,'C','2014-02-13','2014-02-14','I','2014-02-14','2014-02-14'),(72,1,188,87,1,'C','2014-02-13','2014-02-14','I','2014-02-14','2014-02-15'),(73,1,189,85,2,'C','2014-02-13','2014-02-14','I','2014-02-14','2014-02-15'),(74,1,189,86,2,'C','2014-02-13','2014-02-14','I','2014-02-14','2014-02-14'),(75,1,189,87,1,'C','2014-02-13','2014-02-14','I','2014-02-14','2014-02-15'),(76,1,190,85,2,'C','2014-02-13','2014-02-14','I','2014-02-14','2014-02-15'),(77,1,190,86,2,'C','2014-02-13','2014-02-14','I','2014-02-14','2014-02-14'),(78,1,190,87,1,'C','2014-02-13','2014-02-14','I','2014-02-14','2014-02-15'),(79,1,191,85,2,'C','2014-02-13','2014-02-14','I','2014-02-14','2014-02-15'),(80,1,191,86,2,'C','2014-02-13','2014-02-14','I','2014-02-14','2014-02-14'),(81,1,191,87,1,'C','2014-02-13','2014-02-14','I','2014-02-14','2014-02-15'),(82,1,192,85,2,'C','2014-02-13','2014-02-14','I','2014-02-14','2014-02-15'),(83,1,192,86,2,'C','2014-02-13','2014-02-14','I','2014-02-14','2014-02-14'),(84,1,192,87,1,'C','2014-02-13','2014-02-14','I','2014-02-14','2014-02-15'),(85,1,193,85,2,'C','2014-02-13','2014-02-14','I','2014-02-14','2014-02-15'),(86,1,193,86,2,'C','2014-02-13','2014-02-14','I','2014-02-14','2014-02-14'),(87,1,193,87,1,'C','2014-02-13','2014-02-14','I','2014-02-14','2014-02-15'),(88,1,194,85,2,'C','2014-02-13','2014-02-14','I','2014-02-14','2014-02-15'),(89,1,194,86,2,'C','2014-02-13','2014-02-14','I','2014-02-14','2014-02-14'),(90,1,194,87,1,'C','2014-02-13','2014-02-14','I','2014-02-14','2014-02-15'),(91,1,195,85,2,'P','2014-02-13','2014-02-14','I','2014-02-14',NULL),(92,1,195,86,2,'C','2014-02-13','2014-02-14','I','2014-02-14','2014-02-14'),(93,1,195,87,1,'P','2014-02-13','2014-02-14','I','2014-02-14',NULL),(94,1,205,85,2,'C','2014-02-13','2014-02-14','I','2014-02-14','2014-02-15'),(95,1,205,86,2,'C','2014-02-13','2014-02-14','I','2014-02-14','2014-02-14'),(96,1,205,87,1,'C','2014-02-13','2014-02-14','I','2014-02-14','2014-02-15'),(97,1,175,78,1,'C','2014-02-13','2014-02-14','I','2014-02-14','2014-02-14'),(98,1,109,79,2,'P','2014-02-15',NULL,'I','2014-02-15',NULL),(99,1,109,83,1,'P','2014-02-15',NULL,'I','2014-02-15',NULL),(100,1,109,78,1,'P','2014-02-15',NULL,'I','2014-02-15',NULL),(101,1,111,79,2,'P','2014-02-15',NULL,'I','2014-02-15',NULL),(102,1,111,78,1,'P','2014-02-15',NULL,'I','2014-02-15',NULL),(103,1,111,83,1,'P','2014-02-15',NULL,'I','2014-02-15',NULL),(104,1,112,79,2,'P','2014-02-15',NULL,'I','2014-02-15',NULL),(105,1,112,83,1,'P','2014-02-15',NULL,'I','2014-02-15',NULL),(106,1,112,78,1,'P','2014-02-15',NULL,'I','2014-02-15',NULL),(107,1,113,79,2,'P','2014-02-15',NULL,'I','2014-02-15',NULL),(108,1,113,78,1,'P','2014-02-15',NULL,'I','2014-02-15',NULL),(109,1,113,83,1,'P','2014-02-15',NULL,'I','2014-02-15',NULL),(110,1,114,79,2,'P','2014-02-15',NULL,'I','2014-02-15',NULL),(111,1,114,78,1,'P','2014-02-15',NULL,'I','2014-02-15',NULL),(112,1,114,83,1,'P','2014-02-15',NULL,'I','2014-02-15',NULL),(113,1,115,79,2,'P','2014-02-15',NULL,'I','2014-02-15',NULL),(114,1,115,78,1,'P','2014-02-15',NULL,'I','2014-02-15',NULL),(115,1,115,83,1,'P','2014-02-15',NULL,'I','2014-02-15',NULL),(116,1,116,79,2,'P','2014-02-15',NULL,'I','2014-02-15',NULL),(117,1,116,83,1,'P','2014-02-15',NULL,'I','2014-02-15',NULL),(118,1,116,78,1,'P','2014-02-15',NULL,'I','2014-02-15',NULL),(119,1,117,79,2,'P','2014-02-15',NULL,'I','2014-02-15',NULL),(120,1,117,78,1,'P','2014-02-15',NULL,'I','2014-02-15',NULL),(121,1,117,83,1,'P','2014-02-15',NULL,'I','2014-02-15',NULL),(122,1,118,79,2,'P','2014-02-15',NULL,'I','2014-02-15',NULL),(123,1,118,78,1,'P','2014-02-15',NULL,'I','2014-02-15',NULL),(124,1,118,83,1,'P','2014-02-15',NULL,'I','2014-02-15',NULL),(125,1,119,79,2,'P','2014-02-15',NULL,'I','2014-02-15',NULL),(126,1,119,78,1,'P','2014-02-15',NULL,'I','2014-02-15',NULL),(127,1,119,83,1,'P','2014-02-15',NULL,'I','2014-02-15',NULL),(128,1,120,79,2,'P','2014-02-15',NULL,'I','2014-02-15',NULL),(129,1,120,78,1,'P','2014-02-15',NULL,'I','2014-02-15',NULL),(130,1,120,83,1,'P','2014-02-15',NULL,'I','2014-02-15',NULL),(131,1,121,79,2,'P','2014-02-15',NULL,'I','2014-02-15',NULL),(132,1,121,78,1,'P','2014-02-15',NULL,'I','2014-02-15',NULL),(133,1,121,83,1,'P','2014-02-15',NULL,'I','2014-02-15',NULL),(134,1,122,79,2,'P','2014-02-15',NULL,'I','2014-02-15',NULL),(135,1,122,83,1,'P','2014-02-15',NULL,'I','2014-02-15',NULL),(136,1,122,78,1,'P','2014-02-15',NULL,'I','2014-02-15',NULL),(137,1,123,79,2,'P','2014-02-15',NULL,'I','2014-02-15',NULL),(138,1,123,78,1,'P','2014-02-15',NULL,'I','2014-02-15',NULL),(139,1,123,83,1,'P','2014-02-15',NULL,'I','2014-02-15',NULL),(140,1,124,79,2,'P','2014-02-15',NULL,'I','2014-02-15',NULL),(141,1,124,78,1,'P','2014-02-15',NULL,'I','2014-02-15',NULL),(142,1,124,83,1,'P','2014-02-15',NULL,'I','2014-02-15',NULL),(143,1,125,79,2,'P','2014-02-15',NULL,'I','2014-02-15',NULL),(144,1,125,83,1,'P','2014-02-15',NULL,'I','2014-02-15',NULL),(145,1,125,78,1,'P','2014-02-15',NULL,'I','2014-02-15',NULL),(146,1,126,79,2,'P','2014-02-15',NULL,'I','2014-02-15',NULL),(147,1,126,78,1,'P','2014-02-15',NULL,'I','2014-02-15',NULL),(148,1,126,83,1,'P','2014-02-15',NULL,'I','2014-02-15',NULL),(149,1,127,79,2,'P','2014-02-15',NULL,'I','2014-02-15',NULL),(150,1,127,78,1,'P','2014-02-15',NULL,'I','2014-02-15',NULL),(151,1,127,83,1,'P','2014-02-15',NULL,'I','2014-02-15',NULL),(152,1,128,79,2,'P','2014-02-15',NULL,'I','2014-02-15',NULL),(153,1,128,93,2,'P','2014-02-15',NULL,'D','2014-02-15','2014-02-15'),(154,1,128,83,1,'P','2014-02-15',NULL,'I','2014-02-15',NULL),(155,1,128,91,1,'P','2014-02-15',NULL,'D','2014-02-15','2014-02-15'),(156,1,128,78,1,'P','2014-02-15',NULL,'I','2014-02-15',NULL),(157,1,128,96,1,'P','2014-02-15',NULL,'D','2014-02-15','2014-02-15'),(158,1,128,97,1,'P','2014-02-15',NULL,'D','2014-02-15','2014-02-15'),(159,1,129,79,2,'P','2014-02-15',NULL,'I','2014-02-15',NULL),(160,1,129,83,1,'P','2014-02-15',NULL,'I','2014-02-15',NULL),(161,1,129,78,1,'P','2014-02-15',NULL,'I','2014-02-15',NULL),(162,1,130,79,2,'P','2014-02-15',NULL,'I','2014-02-15',NULL),(163,1,130,78,1,'P','2014-02-15',NULL,'I','2014-02-15',NULL),(164,1,130,83,1,'P','2014-02-15',NULL,'I','2014-02-15',NULL),(165,1,131,79,2,'P','2014-02-15',NULL,'I','2014-02-15',NULL),(166,1,131,78,1,'P','2014-02-15',NULL,'I','2014-02-15',NULL),(167,1,131,83,1,'P','2014-02-15',NULL,'I','2014-02-15',NULL),(168,1,132,79,2,'P','2014-02-15',NULL,'I','2014-02-15',NULL),(169,1,132,78,1,'P','2014-02-15',NULL,'I','2014-02-15',NULL),(170,1,132,83,1,'P','2014-02-15',NULL,'I','2014-02-15',NULL);
/*!40000 ALTER TABLE `trn_cm` ENABLE KEYS */;
UNLOCK TABLES;

--
-- Table structure for table `trn_ironing`
--

DROP TABLE IF EXISTS `trn_ironing`;
/*!40101 SET @saved_cs_client     = @@character_set_client */;
/*!40101 SET character_set_client = utf8 */;
CREATE TABLE `trn_ironing` (
  `SL_NO` int(11) NOT NULL AUTO_INCREMENT,
  `IRON_NO` int(11) NOT NULL,
  `STSL_NO` int(11) NOT NULL,
  `ITEM_NO` int(11) NOT NULL,
  `QTY` int(11) NOT NULL,
  `STATUS` varchar(1) NOT NULL,
  `DATE_GIVEN` date DEFAULT NULL,
  `DATE_RECIEVED` date DEFAULT NULL,
  `FLAG` varchar(2) NOT NULL,
  `DATE_CREATED` date NOT NULL,
  `DATE_UPDATED` date DEFAULT NULL,
  PRIMARY KEY (`SL_NO`),
  KEY `TRN_IRONING_FK1` (`ITEM_NO`),
  KEY `TRN_IRONING_FK2` (`STSL_NO`),
  KEY `TRN_IRONING_FK3` (`IRON_NO`),
  CONSTRAINT `TRN_IRONING_FK1` FOREIGN KEY (`ITEM_NO`) REFERENCES `mst_item` (`ITEM_NO`),
  CONSTRAINT `TRN_IRONING_FK2` FOREIGN KEY (`STSL_NO`) REFERENCES `mst_student` (`STSL_NO`),
  CONSTRAINT `TRN_IRONING_FK3` FOREIGN KEY (`IRON_NO`) REFERENCES `mst_ironing` (`IRON_NO`)
) ENGINE=InnoDB AUTO_INCREMENT=4 DEFAULT CHARSET=latin1;
/*!40101 SET character_set_client = @saved_cs_client */;

--
-- Dumping data for table `trn_ironing`
--

LOCK TABLES `trn_ironing` WRITE;
/*!40000 ALTER TABLE `trn_ironing` DISABLE KEYS */;
INSERT INTO `trn_ironing` VALUES (1,1,168,76,2,'C','2014-02-14','2014-02-14','D','2014-02-14','2014-02-14'),(2,1,168,78,1,'C','2014-02-14','2014-02-14','D','2014-02-14','2014-02-14'),(3,1,168,77,2,'C','2014-02-14','2014-02-14','D','2014-02-14','2014-02-14');
/*!40000 ALTER TABLE `trn_ironing` ENABLE KEYS */;
UNLOCK TABLES;

--
-- Table structure for table `trn_packing_list`
--

DROP TABLE IF EXISTS `trn_packing_list`;
/*!40101 SET @saved_cs_client     = @@character_set_client */;
/*!40101 SET character_set_client = utf8 */;
CREATE TABLE `trn_packing_list` (
  `SL_NO` int(11) NOT NULL AUTO_INCREMENT,
  `STSL_NO` int(11) NOT NULL,
  `MATERIAL_TOTAL` decimal(6,2) NOT NULL,
  `ITEM_TOTAL` decimal(6,2) NOT NULL,
  `GRAND_TOTAL` decimal(6,2) NOT NULL,
  `DELIVERY_DATE` date NOT NULL,
  `FLAG` varchar(2) NOT NULL,
  `DATE_CREATED` date NOT NULL,
  `DATE_UPDATED` date DEFAULT NULL,
  PRIMARY KEY (`SL_NO`),
  KEY `TRN_PACKING_LIST_FK1` (`STSL_NO`),
  CONSTRAINT `TRN_PACKING_LIST_FK1` FOREIGN KEY (`STSL_NO`) REFERENCES `mst_student` (`STSL_NO`)
) ENGINE=InnoDB DEFAULT CHARSET=latin1;
/*!40101 SET character_set_client = @saved_cs_client */;

--
-- Dumping data for table `trn_packing_list`
--

LOCK TABLES `trn_packing_list` WRITE;
/*!40000 ALTER TABLE `trn_packing_list` DISABLE KEYS */;
/*!40000 ALTER TABLE `trn_packing_list` ENABLE KEYS */;
UNLOCK TABLES;

--
-- Table structure for table `trn_stitching`
--

DROP TABLE IF EXISTS `trn_stitching`;
/*!40101 SET @saved_cs_client     = @@character_set_client */;
/*!40101 SET character_set_client = utf8 */;
CREATE TABLE `trn_stitching` (
  `SL_NO` int(11) NOT NULL AUTO_INCREMENT,
  `TAILOR_NO` int(11) NOT NULL,
  `STSL_NO` int(11) NOT NULL,
  `ITEM_NO` int(11) NOT NULL,
  `QTY` int(11) NOT NULL,
  `STATUS` varchar(1) NOT NULL,
  `DATE_GIVEN` date DEFAULT NULL,
  `DATE_RECIEVED` date DEFAULT NULL,
  `FLAG` varchar(2) NOT NULL,
  `DATE_CREATED` date NOT NULL,
  `DATE_UPDATED` date DEFAULT NULL,
  PRIMARY KEY (`SL_NO`),
  KEY `TRN_STITCHING_FK1` (`ITEM_NO`),
  KEY `TRN_STITCHING_FK2` (`STSL_NO`),
  KEY `TRN_STITCHING_FK3` (`TAILOR_NO`),
  CONSTRAINT `TRN_STITCHING_FK1` FOREIGN KEY (`ITEM_NO`) REFERENCES `mst_item` (`ITEM_NO`),
  CONSTRAINT `TRN_STITCHING_FK2` FOREIGN KEY (`STSL_NO`) REFERENCES `mst_student` (`STSL_NO`),
  CONSTRAINT `TRN_STITCHING_FK3` FOREIGN KEY (`TAILOR_NO`) REFERENCES `mst_tailor` (`TAILOR_NO`)
) ENGINE=InnoDB AUTO_INCREMENT=26 DEFAULT CHARSET=latin1;
/*!40101 SET character_set_client = @saved_cs_client */;

--
-- Dumping data for table `trn_stitching`
--

LOCK TABLES `trn_stitching` WRITE;
/*!40000 ALTER TABLE `trn_stitching` DISABLE KEYS */;
INSERT INTO `trn_stitching` VALUES (1,2,168,76,2,'C','2014-02-14','2014-02-14','D','2014-02-14','2014-02-15'),(2,2,168,77,2,'C','2014-02-13','2014-02-14','I','2014-02-14','2014-02-14'),(3,2,168,78,1,'C','2014-02-14','2014-02-14','D','2014-02-14','2014-02-15'),(4,2,180,77,2,'C','2014-02-13','2014-02-14','I','2014-02-15','2014-02-15'),(5,2,172,77,2,'C','2014-02-13','2014-02-14','I','2014-02-15','2014-02-15'),(6,2,171,77,2,'C','2014-02-13','2014-02-14','I','2014-02-15','2014-02-15'),(7,2,174,77,2,'C','2014-02-13','2014-02-14','I','2014-02-15','2014-02-15'),(8,2,202,77,1,'C','2014-02-13','2014-02-14','I','2014-02-15','2014-02-15'),(9,2,174,76,2,'P','2014-02-15',NULL,'D','2014-02-15','2014-02-15'),(10,2,174,78,1,'P','2014-02-15',NULL,'D','2014-02-15','2014-02-15'),(11,2,185,77,2,'C','2014-02-13','2014-02-14','I','2014-02-15','2014-02-15'),(12,2,173,77,2,'C','2014-02-13','2014-02-14','I','2014-02-15','2014-02-15'),(13,2,184,77,2,'C','2014-02-13','2014-02-14','I','2014-02-15','2014-02-15'),(14,2,170,77,2,'C','2014-02-13','2014-02-14','I','2014-02-15','2014-02-15'),(15,2,183,77,2,'C','2014-02-13','2014-02-14','I','2014-02-15','2014-02-15'),(16,2,177,77,2,'C','2014-02-13','2014-02-14','I','2014-02-15','2014-02-15'),(17,2,179,77,2,'C','2014-02-13','2014-02-14','I','2014-02-15','2014-02-15'),(18,2,176,77,2,'C','2014-02-13','2014-02-14','I','2014-02-15','2014-02-15'),(19,2,169,77,2,'C','2014-02-13','2014-02-14','I','2014-02-15','2014-02-15'),(20,2,175,77,2,'C','2014-02-13','2014-02-14','I','2014-02-15','2014-02-15'),(21,2,178,77,2,'P','2014-02-15',NULL,'I','2014-02-15',NULL),(22,2,203,77,2,'P','2014-02-15',NULL,'I','2014-02-15',NULL),(23,2,182,77,2,'P','2014-02-15',NULL,'I','2014-02-15',NULL),(24,2,204,77,2,'P','2014-02-15',NULL,'I','2014-02-15',NULL),(25,2,186,86,2,'P','2014-02-15',NULL,'D','2014-02-15','2014-02-15');
/*!40000 ALTER TABLE `trn_stitching` ENABLE KEYS */;
UNLOCK TABLES;
/*!40103 SET TIME_ZONE=@OLD_TIME_ZONE */;

/*!40101 SET SQL_MODE=@OLD_SQL_MODE */;
/*!40014 SET FOREIGN_KEY_CHECKS=@OLD_FOREIGN_KEY_CHECKS */;
/*!40014 SET UNIQUE_CHECKS=@OLD_UNIQUE_CHECKS */;
/*!40101 SET CHARACTER_SET_CLIENT=@OLD_CHARACTER_SET_CLIENT */;
/*!40101 SET CHARACTER_SET_RESULTS=@OLD_CHARACTER_SET_RESULTS */;
/*!40101 SET COLLATION_CONNECTION=@OLD_COLLATION_CONNECTION */;
/*!40111 SET SQL_NOTES=@OLD_SQL_NOTES */;

-- Dump completed on 2014-02-18 15:52:25
